user_id,song_id,timestamp,duration_sec
user_50,song_100,2025-05-07 19:26:43,104
user_49,song_11,2025-04-30 08:23:08,187
user_12,song_17,2025-04-29 19:01:47,141
user_5,song_54,2025-03-15 11:21:00,273
user_22,song_21,2025-04-17 19:30:45,229
user_8,song_7,2025-04-15 10:01:59,204
user_27,song_83,2025-04-11 02:47:02,63
user_32,song_74,2025-03-19 19:32:01,280
user_29,song_69,2025-03-28 07:52:46,92
user_30,song_11,2025-05-07 11:01:56,204
user_38,song_67,2025-03-16 01:07:22,102
user_5,song_87,2025-04-01 20:45:06,164
user_35,song_13,2025-05-01 01:17:18,150
user_12,song_67,2025-05-03 02:42:20,234
user_35,song_19,2025-05-03 04:36:36,267
user_39,song_37,2025-04-08 08:16:36,150
user_44,song_96,2025-03-16 22:41:48,267
user_38,song_11,2025-04-24 04:41:30,283
user_38,song_74,2025-03-18 03:41:31,299
user_26,song_57,2025-05-03 20:18:50,124
user_25,song_26,2025-03-20 22:44:21,113
user_49,song_25,2025-04-13 21:21:41,186
user_48,song_12,2025-04-28 18:17:20,262
user_45,song_54,2025-03-15 23:02:35,114
user_48,song_33,2025-03-31 17:54:45,77
user_33,song_33,2025-03-18 15:15:41,49
user_12,song_64,2025-04-25 00:18:47,51
user_50,song_89,2025-03-16 05:18:34,284
user_18,song_3,2025-05-02 06:44:23,64
user_27,song_66,2025-04-19 11:29:20,51
user_3,song_37,2025-04-26 12:58:55,125
user_31,song_97,2025-04-05 06:50:30,239
user_28,song_79,2025-04-17 21:18:47,124
user_14,song_57,2025-04-21 09:12:11,251
user_48,song_49,2025-04-03 07:51:51,267
user_13,song_38,2025-04-26 17:27:44,140
user_10,song_90,2025-04-23 23:14:43,167
user_12,song_26,2025-03-25 10:06:47,144
user_4,song_65,2025-03-16 15:16:24,180
user_46,song_29,2025-04-11 18:16:19,76
user_14,song_42,2025-04-08 19:45:50,134
user_4,song_91,2025-04-14 08:07:32,188
user_27,song_94,2025-03-19 01:51:35,216
user_26,song_87,2025-04-20 00:38:07,270
user_23,song_15,2025-04-12 21:09:14,137
user_39,song_62,2025-05-01 03:59:37,177
user_37,song_82,2025-05-06 09:19:10,205
user_27,song_7,2025-03-22 17:25:07,225
user_43,song_94,2025-04-12 17:11:40,89
user_25,song_53,2025-04-09 12:36:12,151
user_18,song_85,2025-04-14 19:16:38,62
user_21,song_94,2025-04-13 04:49:47,33
user_39,song_61,2025-04-05 20:53:52,299
user_9,song_54,2025-03-20 13:38:48,100
user_20,song_73,2025-05-08 02:41:23,232
user_34,song_55,2025-04-19 14:33:17,127
user_27,song_94,2025-04-12 00:33:38,175
user_26,song_32,2025-04-05 16:19:26,180
user_22,song_98,2025-03-20 16:47:48,246
user_24,song_85,2025-04-05 13:07:08,122
user_49,song_68,2025-04-01 18:17:13,264
user_35,song_5,2025-05-06 05:47:59,179
user_30,song_11,2025-04-14 21:17:30,61
user_11,song_38,2025-03-28 13:27:51,200
user_5,song_80,2025-04-11 13:02:55,153
user_37,song_86,2025-04-02 11:39:25,240
user_2,song_48,2025-04-03 00:28:57,44
user_15,song_77,2025-04-22 04:33:41,84
user_21,song_65,2025-04-19 13:34:14,85
user_19,song_89,2025-04-04 13:22:08,263
user_40,song_49,2025-05-10 02:15:13,48
user_16,song_79,2025-05-03 03:41:39,281
user_1,song_49,2025-04-16 08:23:10,121
user_6,song_79,2025-03-20 04:08:15,125
user_28,song_26,2025-03-18 13:56:02,176
user_28,song_74,2025-04-24 02:09:17,213
user_11,song_79,2025-03-22 12:51:47,154
user_19,song_54,2025-03-20 21:27:46,261
user_13,song_54,2025-04-20 14:55:40,129
user_5,song_26,2025-04-18 08:44:44,48
user_8,song_14,2025-04-23 11:53:30,127
user_28,song_87,2025-04-01 09:17:52,204
user_46,song_38,2025-05-06 08:27:15,46
user_16,song_5,2025-04-23 22:17:15,283
user_1,song_77,2025-04-25 22:30:41,130
user_12,song_28,2025-05-07 13:43:01,187
user_43,song_27,2025-04-29 09:23:34,60
user_47,song_63,2025-04-12 14:41:50,176
user_1,song_81,2025-04-01 23:14:48,162
user_47,song_72,2025-05-09 19:41:51,207
user_21,song_57,2025-04-22 07:24:32,281
user_32,song_6,2025-05-04 22:33:07,171
user_17,song_23,2025-03-18 04:55:58,239
user_5,song_87,2025-04-16 05:20:59,259
user_21,song_15,2025-03-18 20:00:09,282
user_9,song_43,2025-03-25 00:52:29,240
user_14,song_87,2025-04-18 13:49:23,124
user_28,song_55,2025-04-05 22:59:26,297
user_30,song_50,2025-04-25 21:38:00,54
user_3,song_47,2025-04-03 14:10:58,150
user_1,song_28,2025-04-08 23:10:58,35
user_37,song_9,2025-05-03 10:23:20,217
user_28,song_31,2025-03-18 19:36:07,281
user_45,song_4,2025-05-09 12:47:43,154
user_41,song_22,2025-04-30 23:50:09,238
user_22,song_66,2025-04-14 13:11:14,67
user_11,song_26,2025-03-16 17:45:16,131
user_44,song_93,2025-04-07 21:35:21,48
user_49,song_6,2025-04-06 20:55:04,242
user_29,song_8,2025-04-29 19:18:57,222
user_33,song_87,2025-04-06 04:59:59,79
user_41,song_45,2025-04-13 18:54:27,238
user_15,song_83,2025-03-16 14:13:53,168
user_31,song_56,2025-04-01 10:30:02,50
user_49,song_79,2025-04-11 12:51:52,167
user_18,song_42,2025-03-22 21:58:03,94
user_44,song_27,2025-04-21 01:20:26,236
user_36,song_67,2025-04-13 00:33:40,181
user_40,song_1,2025-03-19 00:53:59,213
user_5,song_36,2025-05-02 05:00:49,167
user_26,song_95,2025-04-09 07:57:26,71
user_30,song_7,2025-04-04 14:35:34,58
user_50,song_22,2025-05-06 16:24:40,67
user_31,song_99,2025-03-11 22:46:15,56
user_13,song_30,2025-04-25 12:14:52,255
user_29,song_20,2025-03-31 17:54:58,40
user_48,song_65,2025-03-31 07:05:08,281
user_3,song_54,2025-04-19 04:59:04,239
user_42,song_6,2025-05-01 07:00:05,234
user_35,song_90,2025-05-04 13:59:17,222
user_27,song_57,2025-04-28 07:49:07,170
user_49,song_65,2025-04-10 19:07:07,145
user_47,song_42,2025-03-21 07:50:11,190
user_33,song_60,2025-04-24 21:32:32,211
user_34,song_78,2025-05-06 11:37:39,295
user_33,song_43,2025-03-30 07:29:35,252
user_2,song_63,2025-04-16 19:24:06,277
user_21,song_39,2025-03-23 17:37:17,213
user_1,song_86,2025-05-05 05:54:52,144
user_44,song_24,2025-04-08 01:59:39,64
user_20,song_26,2025-04-30 04:45:38,202
user_50,song_74,2025-05-10 09:41:48,214
user_12,song_36,2025-04-21 16:33:52,200
user_10,song_26,2025-04-29 13:11:44,147
user_11,song_40,2025-05-01 07:40:58,95
user_3,song_69,2025-04-14 07:25:05,178
user_43,song_20,2025-03-24 09:26:55,223
user_26,song_100,2025-04-25 15:26:37,136
user_10,song_39,2025-04-28 23:54:14,282
user_47,song_68,2025-04-27 13:47:31,274
user_5,song_26,2025-03-12 11:20:56,62
user_3,song_68,2025-03-20 10:46:56,240
user_13,song_18,2025-05-01 07:51:27,241
user_3,song_58,2025-04-26 13:40:57,30
user_31,song_9,2025-03-17 05:33:28,286
user_35,song_100,2025-04-11 22:37:22,251
user_47,song_26,2025-05-04 20:22:46,116
user_33,song_76,2025-04-18 23:08:13,241
user_20,song_27,2025-03-23 13:11:17,153
user_30,song_45,2025-03-24 03:41:31,226
user_34,song_68,2025-04-03 09:08:57,88
user_46,song_89,2025-04-03 04:18:48,219
user_2,song_72,2025-05-02 12:26:23,200
user_16,song_59,2025-04-01 02:31:38,265
user_40,song_79,2025-04-18 01:59:34,96
user_6,song_28,2025-04-30 16:26:09,131
user_1,song_69,2025-03-31 06:31:20,75
user_13,song_95,2025-04-08 03:28:14,227
user_18,song_30,2025-04-23 18:29:13,262
user_27,song_4,2025-03-16 10:09:45,80
user_35,song_19,2025-04-05 21:55:42,190
user_20,song_52,2025-04-26 18:56:19,240
user_5,song_86,2025-03-17 16:11:13,79
user_4,song_20,2025-04-12 01:21:33,207
user_41,song_11,2025-04-05 06:02:30,142
user_39,song_9,2025-05-02 11:34:59,88
user_49,song_49,2025-04-18 20:20:40,189
user_17,song_99,2025-04-13 16:12:59,168
user_7,song_99,2025-03-20 06:03:56,155
user_14,song_96,2025-04-08 16:54:54,236
user_43,song_60,2025-04-18 10:45:22,176
user_39,song_36,2025-03-14 00:21:49,198
user_1,song_12,2025-04-16 12:22:31,80
user_4,song_20,2025-03-30 03:21:42,177
user_22,song_50,2025-05-07 13:45:44,124
user_33,song_7,2025-04-17 06:10:51,241
user_40,song_41,2025-04-24 07:38:34,260
user_45,song_92,2025-05-04 03:49:14,45
user_22,song_49,2025-05-02 10:03:07,221
user_32,song_19,2025-03-13 16:34:36,296
user_17,song_95,2025-03-27 05:40:10,241
user_19,song_84,2025-04-25 04:05:50,155
user_41,song_46,2025-04-03 14:39:42,205
user_48,song_28,2025-03-29 17:33:50,223
user_10,song_83,2025-05-07 05:11:29,138
user_39,song_41,2025-03-24 16:11:05,55
user_30,song_93,2025-03-27 22:56:37,97
user_11,song_49,2025-04-22 15:31:43,296
user_14,song_5,2025-04-09 14:19:51,175
user_9,song_51,2025-03-31 20:57:57,42
user_47,song_49,2025-04-12 01:14:05,285
user_36,song_18,2025-03-17 08:18:44,30
user_37,song_63,2025-05-07 12:23:47,121
user_5,song_52,2025-05-01 10:52:11,132
user_18,song_19,2025-03-20 08:05:00,76
user_38,song_79,2025-04-08 21:22:18,81
user_25,song_53,2025-05-08 16:04:25,57
user_50,song_100,2025-03-20 04:30:05,31
user_19,song_15,2025-03-20 23:10:03,110
user_3,song_49,2025-04-30 18:19:56,197
user_7,song_58,2025-03-16 23:21:07,78
user_6,song_31,2025-04-03 10:34:26,125
user_31,song_27,2025-04-01 23:21:55,250
user_32,song_84,2025-04-25 06:13:53,67
user_12,song_7,2025-03-24 20:13:41,158
user_26,song_68,2025-04-23 14:32:08,107
user_29,song_45,2025-03-21 07:06:21,289
user_32,song_87,2025-04-23 22:53:55,46
user_16,song_7,2025-05-09 10:54:58,228
user_22,song_35,2025-03-15 03:25:53,68
user_34,song_72,2025-04-13 15:57:32,236
user_20,song_10,2025-04-24 22:45:17,212
user_11,song_74,2025-04-10 08:59:17,38
user_46,song_3,2025-04-21 18:28:40,171
user_1,song_27,2025-04-02 02:40:10,34
user_5,song_62,2025-05-09 14:05:36,197
user_21,song_33,2025-04-08 05:52:25,289
user_11,song_54,2025-04-26 15:09:00,144
user_13,song_18,2025-05-01 23:27:14,296
user_41,song_75,2025-04-28 13:59:42,196
user_15,song_21,2025-04-30 16:16:23,250
user_12,song_90,2025-03-15 12:36:17,294
user_21,song_37,2025-04-15 14:18:58,246
user_17,song_32,2025-04-29 16:18:42,181
user_23,song_51,2025-04-06 15:11:21,54
user_38,song_13,2025-04-06 05:26:08,180
user_43,song_15,2025-03-30 05:30:09,82
user_35,song_31,2025-05-10 03:23:56,103
user_35,song_31,2025-03-13 09:19:38,122
user_34,song_10,2025-03-22 07:06:15,251
user_47,song_16,2025-04-02 06:05:29,127
user_8,song_34,2025-04-05 12:35:23,135
user_46,song_77,2025-03-22 10:07:32,200
user_6,song_5,2025-04-13 18:39:26,222
user_15,song_39,2025-03-26 13:45:46,223
user_36,song_47,2025-04-16 16:37:05,138
user_13,song_57,2025-04-22 12:07:14,163
user_13,song_8,2025-05-02 12:56:04,194
user_9,song_70,2025-04-17 22:57:13,235
user_19,song_40,2025-03-31 11:43:38,160
user_16,song_8,2025-03-22 09:24:37,107
user_47,song_68,2025-05-02 01:45:26,161
user_32,song_93,2025-04-18 20:27:30,201
user_23,song_78,2025-05-10 14:08:26,109
user_7,song_5,2025-05-03 06:39:37,126
user_32,song_32,2025-04-05 15:48:34,184
user_40,song_6,2025-04-13 16:04:16,128
user_29,song_23,2025-04-10 18:14:18,226
user_41,song_5,2025-04-09 08:27:58,129
user_7,song_96,2025-05-02 20:25:31,43
user_31,song_18,2025-04-04 14:54:06,41
user_39,song_56,2025-04-08 05:26:47,97
user_1,song_50,2025-03-29 09:05:27,263
user_9,song_61,2025-03-28 07:13:07,156
user_41,song_14,2025-04-23 10:08:47,78
user_47,song_88,2025-04-06 15:02:53,298
user_18,song_38,2025-04-04 16:14:27,257
user_14,song_39,2025-04-10 13:15:05,163
user_47,song_70,2025-05-02 16:58:56,200
user_47,song_73,2025-03-22 23:43:15,190
user_13,song_96,2025-04-26 12:09:24,154
user_5,song_97,2025-04-08 14:23:27,51
user_46,song_15,2025-03-28 11:57:17,220
user_33,song_28,2025-05-05 10:13:40,126
user_4,song_14,2025-03-24 22:26:01,148
user_17,song_18,2025-05-06 02:21:16,59
user_31,song_65,2025-03-25 17:52:48,82
user_36,song_15,2025-05-07 05:34:27,90
user_44,song_72,2025-04-11 12:07:31,292
user_11,song_17,2025-03-28 01:10:55,187
user_36,song_9,2025-03-19 19:08:15,226
user_6,song_25,2025-04-15 00:21:52,247
user_17,song_13,2025-04-06 12:14:48,97
user_24,song_7,2025-04-17 01:56:19,276
user_42,song_82,2025-03-26 18:24:58,84
user_22,song_77,2025-03-14 05:35:08,68
user_9,song_73,2025-03-20 04:04:19,247
user_50,song_22,2025-04-09 23:18:21,58
user_13,song_24,2025-05-05 08:21:07,101
user_12,song_87,2025-03-20 04:49:06,103
user_26,song_34,2025-04-15 21:56:31,163
user_6,song_79,2025-04-08 06:27:50,174
user_1,song_54,2025-04-24 21:29:38,129
user_1,song_8,2025-03-15 01:51:00,212
user_35,song_74,2025-05-07 22:32:47,279
user_18,song_86,2025-05-07 07:44:55,113
user_21,song_48,2025-04-09 04:11:15,195
user_4,song_88,2025-04-28 16:35:17,283
user_3,song_60,2025-05-07 12:14:33,281
user_9,song_98,2025-04-24 04:19:03,94
user_25,song_53,2025-05-03 05:06:00,138
user_30,song_13,2025-05-04 18:35:09,234
user_23,song_85,2025-04-23 05:38:30,249
user_36,song_52,2025-03-19 22:26:27,292
user_40,song_6,2025-04-23 12:41:39,140
user_37,song_99,2025-05-01 10:44:43,235
user_23,song_5,2025-05-09 03:54:13,265
user_27,song_22,2025-04-10 09:37:43,211
user_16,song_63,2025-05-02 16:42:59,33
user_29,song_28,2025-04-28 18:49:14,134
user_28,song_57,2025-05-08 07:17:32,71
user_39,song_34,2025-03-15 15:32:12,181
user_13,song_46,2025-05-02 02:06:23,206
user_7,song_49,2025-03-22 07:00:46,235
user_6,song_15,2025-05-02 03:22:32,236
user_4,song_18,2025-04-19 16:56:28,276
user_39,song_20,2025-04-14 17:36:55,292
user_40,song_6,2025-03-26 08:36:53,283
user_47,song_4,2025-04-11 17:15:50,292
user_3,song_27,2025-03-12 00:28:37,257
user_38,song_17,2025-03-28 16:56:14,175
user_32,song_23,2025-04-02 00:13:33,86
user_46,song_100,2025-04-18 10:05:50,238
user_29,song_53,2025-04-27 20:15:09,225
user_43,song_43,2025-03-23 18:58:15,124
user_13,song_12,2025-04-10 07:51:11,280
user_7,song_79,2025-04-04 11:35:49,108
user_47,song_80,2025-04-17 11:22:27,216
user_35,song_5,2025-03-14 22:50:48,115
user_16,song_64,2025-04-09 16:43:58,261
user_10,song_36,2025-04-20 22:57:17,176
user_41,song_12,2025-04-19 13:40:51,255
user_44,song_27,2025-03-14 16:46:22,145
user_27,song_35,2025-03-12 01:44:21,199
user_11,song_6,2025-04-20 08:46:40,292
user_32,song_94,2025-05-01 19:32:09,137
user_49,song_50,2025-03-15 20:52:19,132
user_18,song_18,2025-03-17 19:06:55,84
user_46,song_55,2025-04-27 23:07:02,269
user_49,song_54,2025-04-27 19:32:08,300
user_32,song_56,2025-03-27 22:34:47,61
user_38,song_23,2025-05-07 11:57:06,233
user_43,song_90,2025-04-16 07:16:51,171
user_23,song_18,2025-03-29 03:50:22,155
user_31,song_64,2025-04-13 17:48:19,260
user_27,song_51,2025-05-02 12:02:02,33
user_14,song_64,2025-04-14 01:03:52,229
user_7,song_33,2025-05-03 21:44:09,83
user_28,song_79,2025-03-19 20:20:12,31
user_36,song_61,2025-04-15 15:49:03,242
user_20,song_51,2025-03-21 03:56:10,158
user_2,song_66,2025-04-28 19:45:51,78
user_28,song_68,2025-04-02 17:13:01,288
user_10,song_83,2025-04-03 05:11:39,104
user_43,song_47,2025-05-10 02:26:47,59
user_17,song_99,2025-05-03 02:39:25,166
user_14,song_3,2025-04-24 02:24:08,150
user_32,song_76,2025-04-26 23:00:50,254
user_2,song_5,2025-04-02 17:46:40,214
user_30,song_45,2025-04-28 06:49:20,262
user_45,song_80,2025-04-27 22:48:46,135
user_21,song_6,2025-03-29 13:16:01,193
user_31,song_4,2025-04-08 21:58:14,229
user_18,song_91,2025-03-29 08:26:36,286
user_12,song_88,2025-05-06 09:39:36,214
user_3,song_70,2025-03-24 11:41:53,202
user_31,song_9,2025-03-26 22:10:40,167
user_31,song_88,2025-04-03 19:10:49,68
user_10,song_9,2025-03-25 18:51:48,272
user_24,song_89,2025-03-28 02:35:45,120
user_13,song_82,2025-03-25 22:14:05,60
user_40,song_64,2025-03-21 19:22:46,186
user_29,song_60,2025-04-19 09:16:09,121
user_36,song_40,2025-04-09 16:12:21,217
user_35,song_50,2025-03-28 08:36:04,174
user_9,song_57,2025-03-23 14:56:37,108
user_15,song_99,2025-03-20 04:07:02,75
user_30,song_13,2025-04-24 20:00:53,140
user_19,song_61,2025-03-14 01:57:08,43
user_33,song_34,2025-03-26 22:56:43,62
user_16,song_24,2025-03-31 21:11:55,157
user_42,song_65,2025-03-18 10:09:16,293
user_41,song_23,2025-03-30 23:06:29,80
user_5,song_97,2025-04-18 07:46:13,154
user_12,song_14,2025-04-18 07:11:49,260
user_20,song_54,2025-03-31 00:58:39,241
user_31,song_14,2025-03-31 13:52:08,40
user_30,song_22,2025-04-29 21:35:55,185
user_27,song_85,2025-03-20 20:44:51,94
user_45,song_64,2025-04-10 22:12:34,67
user_44,song_58,2025-04-10 02:40:18,181
user_41,song_90,2025-04-11 15:54:03,34
user_26,song_39,2025-04-05 13:02:55,197
user_30,song_50,2025-04-23 23:33:53,138
user_2,song_16,2025-03-27 20:18:40,273
user_42,song_83,2025-04-29 18:04:06,239
user_1,song_58,2025-05-07 09:51:11,93
user_1,song_98,2025-04-06 04:36:11,241
user_48,song_84,2025-04-28 21:29:08,67
user_8,song_16,2025-04-19 17:55:12,250
user_3,song_33,2025-05-10 05:40:50,70
user_6,song_50,2025-03-30 10:26:57,153
user_40,song_69,2025-03-27 00:27:53,97
user_3,song_2,2025-03-27 18:11:36,34
user_31,song_98,2025-04-06 11:08:09,239
user_23,song_29,2025-03-24 10:48:44,135
user_50,song_11,2025-04-07 03:52:10,292
user_44,song_84,2025-04-02 13:33:52,218
user_23,song_54,2025-04-04 10:43:05,54
user_43,song_44,2025-04-08 02:35:16,40
user_3,song_42,2025-05-07 02:37:18,229
user_20,song_42,2025-04-12 10:50:39,58
user_34,song_83,2025-03-29 11:28:13,78
user_23,song_81,2025-03-20 09:39:21,211
user_4,song_40,2025-04-10 04:05:12,161
user_15,song_32,2025-04-11 07:52:26,81
user_45,song_62,2025-04-06 20:45:11,58
user_35,song_30,2025-03-24 21:20:02,54
user_4,song_17,2025-03-19 09:51:14,71
user_19,song_82,2025-04-29 18:57:02,88
user_11,song_63,2025-05-04 03:18:47,279
user_24,song_73,2025-05-04 23:34:13,84
user_30,song_93,2025-04-27 10:46:04,216
user_26,song_97,2025-04-26 02:18:57,226
user_26,song_19,2025-04-22 11:42:20,181
user_23,song_90,2025-04-26 22:40:24,126
user_23,song_83,2025-05-02 14:20:47,163
user_36,song_37,2025-03-12 07:17:29,230
user_14,song_58,2025-03-27 00:37:37,74
user_29,song_86,2025-05-07 02:47:55,220
user_46,song_74,2025-05-05 15:00:40,272
user_47,song_12,2025-04-30 03:03:50,174
user_6,song_96,2025-03-22 13:43:43,298
user_30,song_11,2025-04-20 01:25:18,276
user_25,song_89,2025-03-27 05:47:33,296
user_10,song_10,2025-04-13 23:53:29,87
user_25,song_62,2025-04-11 23:01:15,242
user_11,song_2,2025-05-02 02:41:22,189
user_29,song_6,2025-03-20 02:44:54,187
user_20,song_73,2025-04-29 14:05:26,167
user_15,song_71,2025-04-04 06:14:17,147
user_32,song_97,2025-04-02 13:23:39,114
user_2,song_97,2025-03-30 08:17:35,87
user_24,song_1,2025-03-24 14:20:43,273
user_6,song_16,2025-03-23 11:05:43,46
user_35,song_11,2025-03-25 16:27:55,71
user_4,song_66,2025-05-01 09:42:38,118
user_22,song_12,2025-03-22 04:19:18,181
user_6,song_5,2025-04-13 22:44:53,198
user_30,song_89,2025-04-28 13:33:06,204
user_42,song_20,2025-05-01 18:00:08,117
user_5,song_70,2025-04-05 22:50:24,194
user_5,song_42,2025-04-25 02:30:16,48
user_24,song_89,2025-04-28 09:57:51,286
user_2,song_5,2025-04-25 01:51:14,268
user_36,song_3,2025-04-05 17:14:20,242
user_1,song_57,2025-04-26 20:18:48,253
user_46,song_92,2025-04-08 11:32:08,269
user_45,song_53,2025-04-30 10:08:18,52
user_42,song_6,2025-04-01 18:49:51,118
user_49,song_56,2025-03-19 16:53:34,126
user_49,song_15,2025-03-14 10:15:09,298
user_6,song_41,2025-03-20 14:07:10,174
user_18,song_91,2025-04-09 23:09:20,86
user_19,song_47,2025-04-28 22:39:55,123
user_16,song_8,2025-04-04 06:40:53,57
user_29,song_71,2025-03-26 05:35:08,49
user_11,song_9,2025-05-04 05:35:03,68
user_26,song_93,2025-03-24 01:20:30,251
user_34,song_10,2025-05-05 05:04:48,166
user_38,song_83,2025-04-01 09:19:15,82
user_20,song_66,2025-04-09 05:44:07,55
user_19,song_48,2025-04-20 02:17:11,62
user_43,song_49,2025-04-17 08:15:50,300
user_35,song_74,2025-04-01 20:38:16,253
user_21,song_44,2025-04-23 16:02:37,255
user_6,song_28,2025-03-19 11:39:53,49
user_24,song_88,2025-04-21 04:40:30,211
user_49,song_17,2025-04-14 23:59:47,235
user_20,song_26,2025-04-11 11:42:45,210
user_21,song_49,2025-04-05 23:01:14,162
user_50,song_11,2025-04-16 18:40:01,189
user_33,song_44,2025-03-30 08:54:25,102
user_25,song_97,2025-04-10 10:06:29,72
user_39,song_65,2025-05-08 15:14:16,174
user_25,song_48,2025-03-18 01:39:12,180
user_40,song_95,2025-04-08 22:33:19,163
user_11,song_69,2025-03-15 03:33:17,141
user_40,song_95,2025-03-19 04:28:31,133
user_37,song_43,2025-04-07 22:34:55,238
user_3,song_36,2025-05-09 22:39:32,218
user_4,song_21,2025-04-26 20:45:20,222
user_31,song_54,2025-03-12 01:31:12,92
user_5,song_14,2025-04-20 06:51:31,284
user_36,song_23,2025-04-18 13:07:31,169
user_26,song_27,2025-03-19 18:46:24,202
user_15,song_36,2025-05-03 05:37:04,132
user_50,song_5,2025-04-29 21:49:35,80
user_49,song_14,2025-04-25 07:09:08,132
user_13,song_55,2025-03-30 06:01:21,155
user_44,song_61,2025-03-24 20:54:52,97
user_36,song_38,2025-04-25 17:40:28,65
user_40,song_59,2025-04-03 06:21:11,144
user_8,song_19,2025-05-02 10:54:08,266
user_4,song_50,2025-03-16 06:32:58,194
user_5,song_4,2025-04-10 16:49:52,195
user_25,song_78,2025-03-18 15:13:21,67
user_49,song_4,2025-04-14 07:43:52,220
user_13,song_80,2025-05-06 15:04:48,203
user_47,song_21,2025-03-23 05:24:19,31
user_33,song_85,2025-03-24 18:41:38,298
user_34,song_35,2025-04-29 04:59:35,122
user_12,song_20,2025-03-16 13:29:12,43
user_9,song_33,2025-04-25 22:02:16,226
user_9,song_36,2025-04-24 20:42:44,212
user_48,song_63,2025-03-31 18:01:45,97
user_18,song_4,2025-04-25 10:22:38,177
user_17,song_3,2025-04-17 04:25:21,184
user_32,song_66,2025-04-24 13:49:35,260
user_15,song_24,2025-03-14 07:49:04,197
user_43,song_95,2025-04-12 23:30:20,88
user_22,song_86,2025-03-13 23:53:48,137
user_22,song_88,2025-03-22 17:28:44,75
user_33,song_44,2025-03-20 09:34:49,125
user_50,song_19,2025-04-09 11:00:02,281
user_36,song_55,2025-03-28 00:44:54,131
user_16,song_93,2025-04-23 04:30:05,153
user_5,song_73,2025-04-10 04:17:39,184
user_43,song_79,2025-05-02 04:21:24,101
user_15,song_40,2025-04-10 20:35:12,182
user_5,song_58,2025-03-27 19:44:16,82
user_17,song_19,2025-03-15 22:24:05,77
user_13,song_13,2025-03-23 10:51:48,202
user_42,song_12,2025-04-27 19:41:52,222
user_34,song_61,2025-04-01 05:29:10,172
user_9,song_27,2025-04-20 18:22:22,254
user_15,song_24,2025-03-29 12:34:48,135
user_32,song_34,2025-04-09 10:37:13,293
user_49,song_12,2025-03-21 05:46:36,136
user_37,song_76,2025-04-09 14:19:55,41
user_48,song_79,2025-03-12 01:03:21,202
user_35,song_88,2025-04-28 04:11:15,238
user_31,song_67,2025-04-16 17:10:16,60
user_27,song_100,2025-04-18 03:02:08,103
user_20,song_64,2025-04-06 22:23:01,86
user_18,song_37,2025-03-26 06:37:50,193
user_33,song_22,2025-04-03 03:11:18,225
user_1,song_71,2025-04-04 06:44:18,279
user_46,song_30,2025-04-18 20:11:33,258
user_14,song_6,2025-03-15 08:42:32,54
user_33,song_91,2025-04-10 07:10:24,179
user_28,song_79,2025-04-17 07:34:05,175
user_17,song_11,2025-05-06 05:06:30,121
user_47,song_10,2025-03-23 22:16:47,210
user_44,song_97,2025-03-27 15:05:54,105
user_43,song_16,2025-04-21 22:51:42,183
user_19,song_26,2025-03-24 21:01:08,261
user_13,song_27,2025-04-05 03:12:31,57
user_42,song_33,2025-03-15 14:15:57,202
user_43,song_73,2025-03-26 12:09:49,31
user_37,song_43,2025-05-10 05:46:34,284
user_30,song_74,2025-04-11 16:10:28,104
user_18,song_11,2025-03-18 19:51:49,279
user_14,song_88,2025-04-09 08:52:49,290
user_31,song_1,2025-04-27 06:06:19,69
user_26,song_91,2025-04-29 09:58:48,86
user_32,song_60,2025-04-01 21:02:19,121
user_3,song_51,2025-04-22 22:59:38,57
user_30,song_50,2025-05-07 13:26:42,297
user_13,song_51,2025-03-21 08:22:36,37
user_11,song_19,2025-04-08 22:41:46,59
user_10,song_25,2025-03-11 17:23:56,112
user_21,song_96,2025-04-10 15:44:23,127
user_21,song_15,2025-04-11 00:34:28,243
user_41,song_86,2025-03-31 01:45:35,88
user_33,song_2,2025-04-14 21:39:45,225
user_46,song_35,2025-03-19 08:55:49,283
user_47,song_56,2025-04-10 00:40:51,215
user_30,song_74,2025-03-14 23:57:30,93
user_10,song_6,2025-03-15 22:16:49,243
user_24,song_78,2025-03-20 18:31:05,254
user_47,song_14,2025-04-06 05:00:28,219
user_25,song_53,2025-03-12 08:09:16,168
user_32,song_91,2025-03-14 18:08:41,191
user_32,song_46,2025-04-13 04:48:24,78
user_46,song_78,2025-03-13 11:56:25,51
user_10,song_36,2025-04-07 10:07:39,100
user_9,song_31,2025-04-07 05:39:49,60
user_50,song_30,2025-03-14 17:51:34,85
user_19,song_62,2025-04-24 01:09:29,164
user_31,song_70,2025-03-27 04:58:49,74
user_11,song_20,2025-04-26 18:16:46,283
user_11,song_12,2025-03-24 04:59:37,144
user_34,song_16,2025-05-04 08:35:25,264
user_3,song_75,2025-03-27 03:31:16,276
user_24,song_89,2025-04-20 08:55:18,99
user_16,song_52,2025-04-24 08:58:23,93
user_21,song_49,2025-03-27 00:38:00,90
user_27,song_48,2025-03-16 23:47:19,247
user_32,song_68,2025-04-10 03:30:49,248
user_32,song_69,2025-04-01 18:13:17,88
user_24,song_79,2025-03-12 17:23:30,280
user_32,song_9,2025-04-20 04:02:01,245
user_15,song_99,2025-04-15 17:14:50,108
user_12,song_64,2025-04-11 00:51:12,171
user_14,song_20,2025-03-21 03:53:43,51
user_44,song_55,2025-03-26 15:04:16,93
user_43,song_25,2025-04-22 22:50:19,230
user_42,song_60,2025-04-30 15:40:37,118
user_12,song_18,2025-03-30 21:45:08,231
user_40,song_23,2025-05-05 17:19:47,285
user_26,song_65,2025-04-09 23:19:51,166
user_9,song_26,2025-04-20 09:21:41,101
user_11,song_50,2025-03-29 02:45:09,201
user_37,song_35,2025-03-24 13:13:52,257
user_50,song_5,2025-05-06 01:53:49,144
user_5,song_66,2025-05-04 06:21:46,147
user_38,song_75,2025-05-06 00:09:19,128
user_47,song_84,2025-04-16 11:08:46,170
user_2,song_84,2025-04-21 13:23:21,61
user_24,song_29,2025-05-05 07:48:40,219
user_30,song_45,2025-05-09 14:15:37,265
user_46,song_88,2025-03-17 12:17:59,246
user_46,song_47,2025-04-30 20:53:28,258
user_29,song_25,2025-04-17 03:43:48,47
user_19,song_46,2025-04-22 10:58:43,195
user_21,song_70,2025-04-25 01:03:49,45
user_34,song_90,2025-03-15 03:53:39,162
user_11,song_22,2025-03-20 03:35:31,72
user_15,song_40,2025-04-09 03:45:55,76
user_19,song_45,2025-03-19 12:51:57,213
user_46,song_5,2025-05-09 09:16:26,291
user_42,song_51,2025-04-25 21:33:29,35
user_37,song_55,2025-03-21 04:58:27,123
user_27,song_67,2025-04-17 16:41:36,176
user_29,song_66,2025-05-06 04:07:06,285
user_14,song_99,2025-04-11 21:08:52,123
user_10,song_52,2025-03-29 17:34:32,108
user_2,song_80,2025-03-20 22:44:00,167
user_50,song_45,2025-03-28 05:57:27,178
user_23,song_31,2025-04-27 09:37:54,104
user_43,song_84,2025-04-28 19:23:45,211
user_23,song_84,2025-04-20 04:33:26,74
user_33,song_7,2025-04-24 14:49:06,168
user_34,song_33,2025-04-24 10:02:02,70
user_25,song_88,2025-04-09 15:21:50,30
user_33,song_32,2025-04-27 01:16:33,276
user_12,song_60,2025-04-16 01:04:19,184
user_3,song_20,2025-03-18 22:12:07,227
user_18,song_12,2025-03-24 07:40:48,276
user_44,song_7,2025-04-27 10:42:48,157
user_29,song_70,2025-04-16 19:31:12,203
user_26,song_5,2025-04-27 13:28:23,246
user_33,song_12,2025-03-21 18:08:49,105
user_15,song_40,2025-04-28 18:45:26,61
user_40,song_59,2025-04-28 01:58:51,263
user_44,song_51,2025-04-06 20:52:27,31
user_15,song_21,2025-04-11 15:37:36,223
user_11,song_21,2025-03-28 02:43:12,155
user_25,song_10,2025-04-03 08:47:51,36
user_28,song_3,2025-04-23 20:54:56,40
user_35,song_68,2025-03-31 17:28:35,106
user_14,song_61,2025-04-02 22:01:20,288
user_34,song_43,2025-03-25 18:35:39,300
user_27,song_93,2025-04-26 18:10:47,38
user_20,song_15,2025-04-01 20:23:47,218
user_22,song_51,2025-05-04 17:17:23,164
user_16,song_11,2025-04-23 16:08:47,224
user_1,song_33,2025-04-15 12:40:50,135
user_8,song_24,2025-05-08 15:08:08,261
user_50,song_83,2025-03-20 03:56:38,112
user_10,song_85,2025-04-17 23:27:21,280
user_4,song_28,2025-04-07 16:05:48,72
user_6,song_77,2025-03-26 19:43:23,148
user_42,song_15,2025-03-11 20:11:12,49
user_12,song_78,2025-03-25 00:54:48,271
user_18,song_67,2025-04-13 18:36:10,239
user_18,song_85,2025-04-18 16:40:50,83
user_4,song_25,2025-05-05 03:18:36,71
user_28,song_50,2025-03-15 08:51:52,78
user_29,song_76,2025-04-04 16:47:36,191
user_20,song_10,2025-04-03 14:37:20,204
user_32,song_29,2025-04-09 09:33:27,172
user_18,song_52,2025-03-18 13:53:27,117
user_30,song_58,2025-05-01 06:11:31,79
user_29,song_59,2025-04-29 22:44:01,110
user_23,song_99,2025-04-01 10:11:36,158
user_33,song_8,2025-04-08 09:38:08,102
user_30,song_58,2025-03-29 19:01:51,77
user_14,song_13,2025-04-29 14:02:00,59
user_47,song_96,2025-04-04 15:32:21,261
user_31,song_58,2025-03-27 18:41:40,140
user_2,song_53,2025-03-21 03:31:29,35
user_42,song_25,2025-04-06 23:01:24,101
user_49,song_12,2025-05-01 20:53:57,56
user_45,song_42,2025-03-26 05:27:45,175
user_1,song_3,2025-04-16 00:13:52,233
user_47,song_18,2025-05-07 20:55:45,205
user_30,song_100,2025-04-20 17:40:04,103
user_33,song_62,2025-04-08 07:16:15,267
user_45,song_70,2025-03-29 01:41:29,236
user_41,song_69,2025-03-13 07:46:30,81
user_10,song_40,2025-03-24 19:58:01,138
user_41,song_97,2025-03-15 07:28:45,158
user_13,song_97,2025-04-26 19:46:33,196
user_21,song_39,2025-04-12 17:28:02,270
user_45,song_62,2025-04-19 02:31:19,75
user_47,song_61,2025-03-24 02:32:30,292
user_47,song_75,2025-04-11 18:12:54,41
user_32,song_65,2025-04-21 07:43:06,143
user_15,song_2,2025-05-03 18:24:26,295
user_39,song_60,2025-05-05 19:17:59,93
user_7,song_10,2025-05-07 03:20:00,210
user_26,song_62,2025-03-25 23:52:17,208
user_5,song_44,2025-04-14 22:52:45,114
user_1,song_11,2025-04-10 18:06:04,90
user_3,song_95,2025-04-05 02:27:53,273
user_11,song_74,2025-04-26 07:08:29,41
user_27,song_100,2025-05-10 09:52:39,235
user_25,song_62,2025-04-10 23:14:56,42
user_25,song_73,2025-03-31 18:57:17,96
user_19,song_10,2025-03-13 15:47:03,120
user_39,song_94,2025-04-07 02:16:45,215
user_40,song_32,2025-03-28 09:09:48,30
user_23,song_73,2025-05-09 09:53:02,107
user_15,song_21,2025-04-04 22:10:52,125
user_10,song_81,2025-04-19 10:49:19,217
user_13,song_51,2025-04-25 12:40:21,267
user_13,song_56,2025-03-20 15:29:22,34
user_31,song_27,2025-04-13 08:03:38,148
user_45,song_52,2025-04-30 11:36:11,256
user_21,song_14,2025-05-01 14:01:39,111
user_36,song_72,2025-03-26 03:14:07,234
user_3,song_85,2025-05-03 14:37:13,295
user_22,song_51,2025-03-21 03:47:28,75
user_30,song_31,2025-05-07 08:29:36,250
user_33,song_79,2025-04-17 20:37:13,273
user_34,song_32,2025-05-09 03:10:19,72
user_28,song_42,2025-03-24 00:16:01,125
user_36,song_37,2025-04-18 01:46:10,261
user_36,song_67,2025-05-05 22:01:13,149
user_18,song_37,2025-03-20 02:12:36,115
user_49,song_5,2025-05-02 04:25:20,269
user_44,song_72,2025-05-02 14:42:27,41
user_12,song_71,2025-04-12 06:19:59,49
user_17,song_14,2025-04-25 08:15:01,241
user_10,song_36,2025-04-04 08:34:30,107
user_27,song_7,2025-04-06 14:30:41,216
user_3,song_62,2025-04-29 10:34:13,148
user_10,song_40,2025-03-19 13:51:45,60
user_17,song_43,2025-05-06 07:24:36,105
user_5,song_80,2025-04-16 14:41:44,272
user_41,song_1,2025-04-07 12:29:13,46
user_32,song_90,2025-03-15 21:43:34,149
user_30,song_19,2025-04-18 06:52:31,235
user_38,song_39,2025-04-08 19:10:04,82
user_17,song_50,2025-03-19 21:38:08,197
user_6,song_83,2025-04-02 06:04:19,227
user_30,song_22,2025-04-30 06:03:16,41
user_28,song_27,2025-04-11 18:02:30,131
user_28,song_87,2025-03-12 17:14:18,131
user_49,song_44,2025-05-02 14:55:19,134
user_27,song_31,2025-04-11 23:09:58,97
user_48,song_29,2025-04-13 04:22:04,153
user_49,song_96,2025-05-09 14:58:52,165
user_45,song_64,2025-04-30 08:29:06,114
user_13,song_87,2025-03-25 06:57:39,296
user_6,song_73,2025-05-07 02:45:38,182
user_15,song_28,2025-03-19 20:21:56,139
user_29,song_61,2025-03-17 16:50:46,182
user_43,song_18,2025-04-10 18:47:43,102
user_36,song_83,2025-04-12 18:28:19,105
user_33,song_27,2025-03-14 21:07:42,226
user_7,song_45,2025-04-04 23:40:31,118
user_41,song_94,2025-03-31 14:46:32,118
user_5,song_26,2025-03-27 11:42:00,52
user_6,song_66,2025-04-26 19:19:58,290
user_44,song_79,2025-04-22 16:53:31,154
user_33,song_60,2025-05-08 23:46:43,166
user_2,song_35,2025-03-17 07:03:55,125
user_36,song_13,2025-04-20 14:47:47,105
user_4,song_61,2025-05-07 03:23:16,55
user_48,song_54,2025-03-17 18:07:51,59
user_6,song_71,2025-05-07 11:49:22,122
user_46,song_68,2025-04-07 18:50:50,85
user_11,song_69,2025-05-01 02:32:35,234
user_10,song_21,2025-04-01 20:19:09,274
user_16,song_15,2025-05-02 16:29:00,258
user_10,song_71,2025-03-22 00:38:32,192
user_38,song_99,2025-04-28 12:16:29,66
user_24,song_1,2025-03-21 02:14:40,215
user_12,song_44,2025-04-20 02:46:02,85
user_20,song_78,2025-03-27 16:17:14,226
user_15,song_61,2025-03-14 08:28:05,163
user_44,song_92,2025-04-24 01:20:11,132
user_50,song_50,2025-03-20 23:40:05,135
user_32,song_42,2025-04-09 02:17:35,92
user_45,song_44,2025-04-09 16:39:24,160
user_10,song_32,2025-04-09 05:17:28,291
user_42,song_86,2025-05-04 15:59:54,229
user_11,song_93,2025-03-22 05:37:58,189
user_29,song_89,2025-04-19 01:20:32,117
user_38,song_8,2025-04-08 06:40:40,239
user_15,song_85,2025-03-30 08:51:38,53
user_39,song_66,2025-04-14 03:24:05,75
user_42,song_50,2025-05-04 01:41:11,69
user_5,song_54,2025-04-07 11:11:03,135
user_36,song_61,2025-04-27 20:26:19,189
user_29,song_19,2025-03-16 02:14:53,114
user_9,song_90,2025-04-17 04:21:58,69
user_11,song_12,2025-04-20 13:01:58,129
user_46,song_95,2025-04-05 08:39:54,272
user_8,song_76,2025-03-21 09:35:41,85
user_45,song_64,2025-04-27 00:28:41,197
user_34,song_70,2025-03-29 06:49:53,261
user_20,song_64,2025-03-29 06:00:25,71
user_50,song_22,2025-04-24 15:24:05,231
user_8,song_71,2025-04-03 16:58:12,117
user_41,song_79,2025-04-16 07:21:37,113
user_2,song_1,2025-05-07 16:09:02,193
user_35,song_90,2025-04-12 15:16:47,69
user_31,song_1,2025-04-03 18:24:43,179
user_36,song_29,2025-03-14 03:20:24,121
user_2,song_37,2025-04-14 04:54:56,96
user_16,song_71,2025-03-29 12:25:27,180
user_19,song_13,2025-03-20 17:21:01,79
user_14,song_68,2025-04-13 17:25:31,159
user_7,song_65,2025-04-16 23:53:16,88
user_27,song_40,2025-03-23 01:33:29,176
user_10,song_40,2025-03-14 06:27:14,58
user_46,song_95,2025-05-01 04:29:53,76
user_1,song_41,2025-04-05 17:21:20,111
user_42,song_74,2025-05-02 22:41:59,188
user_34,song_18,2025-04-17 21:19:10,156
user_43,song_1,2025-03-23 12:09:01,100
user_47,song_69,2025-03-14 14:31:30,283
user_24,song_15,2025-05-01 19:51:51,249
user_38,song_97,2025-04-08 19:14:46,255
user_21,song_44,2025-03-29 14:03:47,177
user_8,song_29,2025-05-08 15:04:27,263
user_45,song_89,2025-04-17 16:55:34,119
user_11,song_32,2025-04-23 03:48:47,139
user_9,song_81,2025-04-18 04:59:03,115
user_11,song_75,2025-04-20 03:28:12,81
user_43,song_15,2025-04-08 00:09:22,197
user_18,song_84,2025-05-09 16:04:26,150
user_5,song_52,2025-04-16 14:41:04,54
user_30,song_89,2025-04-06 03:53:13,80
user_48,song_34,2025-03-15 02:30:43,293
user_31,song_53,2025-05-04 17:20:58,169
user_3,song_48,2025-03-29 23:26:40,43
user_35,song_33,2025-04-29 01:14:28,205
user_50,song_96,2025-05-07 08:43:46,121
user_45,song_54,2025-04-14 21:20:34,245
user_45,song_65,2025-04-23 22:44:34,255
user_46,song_94,2025-03-28 13:33:32,288
user_26,song_95,2025-03-17 20:19:46,63
user_7,song_42,2025-05-07 09:37:12,286
user_40,song_49,2025-04-10 01:07:55,151
user_5,song_53,2025-03-25 21:55:30,269
user_36,song_66,2025-03-30 00:04:22,286
user_23,song_42,2025-04-25 15:09:56,152
user_17,song_31,2025-03-18 14:29:37,184
user_1,song_77,2025-03-18 07:49:22,158
user_15,song_71,2025-03-30 05:50:38,278
user_19,song_5,2025-03-25 03:43:26,81
user_45,song_42,2025-04-19 05:46:47,205
user_25,song_26,2025-04-28 20:43:46,210
user_37,song_90,2025-04-23 05:02:24,62
user_34,song_77,2025-04-09 12:43:52,180
user_28,song_79,2025-03-11 17:04:15,252
user_21,song_44,2025-04-13 13:23:30,37
user_1,song_68,2025-05-03 08:43:14,137
user_8,song_84,2025-03-25 10:59:15,172
user_23,song_4,2025-05-08 16:46:09,52
user_33,song_73,2025-05-05 17:22:03,161
user_14,song_33,2025-03-17 21:18:23,273
user_30,song_11,2025-05-01 02:16:26,193
user_17,song_96,2025-04-07 08:32:52,94
user_11,song_17,2025-04-02 12:08:01,189
user_38,song_74,2025-04-06 13:59:28,61
user_43,song_59,2025-04-25 09:33:38,107
user_11,song_65,2025-03-13 09:48:22,250
user_4,song_42,2025-04-23 11:45:55,161
user_40,song_57,2025-04-01 02:33:03,204
user_6,song_22,2025-05-05 11:00:25,106
user_26,song_17,2025-03-22 05:33:40,251
user_14,song_48,2025-03-29 14:41:07,280
user_28,song_27,2025-04-26 03:26:22,215
user_31,song_67,2025-04-06 10:12:07,174
user_39,song_19,2025-04-19 12:38:45,117
user_25,song_71,2025-04-14 18:23:20,52
user_23,song_35,2025-04-30 02:50:57,77
user_13,song_25,2025-04-04 18:03:59,220
user_39,song_21,2025-04-05 04:13:04,64
user_3,song_39,2025-04-01 23:32:00,132
user_34,song_97,2025-03-20 11:31:36,175
user_33,song_23,2025-04-11 17:24:45,137
user_1,song_89,2025-05-07 07:41:15,84
user_11,song_34,2025-03-24 11:40:03,136
user_23,song_46,2025-03-20 07:06:20,247
user_31,song_63,2025-03-14 17:18:26,116
user_9,song_42,2025-03-24 17:15:28,43
user_3,song_76,2025-05-02 10:33:10,199
user_37,song_59,2025-03-12 04:23:33,276
user_37,song_34,2025-04-22 15:10:25,193
user_6,song_27,2025-04-11 11:15:36,158
user_24,song_18,2025-03-30 14:20:42,160
user_24,song_19,2025-03-16 19:19:55,137
user_42,song_14,2025-04-09 00:43:15,152
user_14,song_5,2025-04-19 06:10:50,175
user_43,song_40,2025-03-16 04:45:29,93
user_14,song_3,2025-03-27 01:29:49,285
user_29,song_56,2025-04-02 10:29:59,185
user_17,song_67,2025-03-17 03:02:51,258
user_49,song_20,2025-04-30 13:38:34,80
user_23,song_40,2025-04-11 19:51:19,248
user_26,song_33,2025-05-01 10:32:47,113
user_8,song_34,2025-04-16 04:00:18,44
user_8,song_18,2025-04-16 20:07:33,138
user_24,song_40,2025-05-05 17:32:22,31
user_15,song_2,2025-05-07 14:01:17,258
user_13,song_27,2025-04-12 18:42:52,249
user_38,song_90,2025-03-30 14:24:54,253
user_35,song_93,2025-04-11 21:00:08,81
user_32,song_48,2025-03-23 15:44:37,258
user_21,song_79,2025-04-29 20:22:07,158
user_3,song_10,2025-03-30 12:40:46,207
user_9,song_87,2025-04-30 23:59:58,291
user_43,song_29,2025-04-22 10:52:54,266
user_11,song_38,2025-04-17 13:18:37,176
user_45,song_51,2025-05-05 16:37:53,197
user_14,song_45,2025-03-27 06:13:29,168
user_15,song_81,2025-04-20 17:23:21,111
user_1,song_22,2025-04-08 22:59:16,120
user_10,song_25,2025-03-23 10:40:55,247
user_3,song_25,2025-04-27 02:33:11,243
user_1,song_28,2025-03-27 19:54:08,121
user_22,song_75,2025-03-12 14:39:47,216
user_47,song_95,2025-04-13 08:52:00,47
user_45,song_92,2025-04-05 10:41:52,243
user_30,song_93,2025-03-14 16:28:24,178
user_25,song_15,2025-05-04 12:20:50,287
user_47,song_37,2025-05-06 13:16:06,238
user_36,song_57,2025-04-20 09:07:08,88
user_43,song_65,2025-04-14 19:59:57,96
user_10,song_12,2025-04-15 21:19:45,120
user_38,song_86,2025-04-09 23:36:43,232
user_42,song_20,2025-03-18 06:03:17,250
user_22,song_24,2025-05-03 11:30:43,136
user_41,song_44,2025-03-18 12:07:51,135
user_50,song_58,2025-04-29 21:31:25,145
user_9,song_64,2025-03-18 02:20:21,247
user_28,song_45,2025-04-13 19:13:01,48
user_27,song_67,2025-04-17 07:38:17,236
user_39,song_68,2025-03-29 05:20:45,226
user_45,song_73,2025-04-10 15:01:33,36
user_46,song_52,2025-05-06 03:23:41,55
user_37,song_78,2025-03-24 09:38:24,123
user_3,song_48,2025-04-13 00:42:50,109
user_36,song_26,2025-04-18 18:12:09,245
user_35,song_19,2025-03-16 10:45:37,131
user_33,song_29,2025-03-12 07:23:17,153
user_11,song_20,2025-05-04 11:46:15,276
user_22,song_87,2025-03-21 07:58:22,248
user_42,song_12,2025-05-02 05:55:21,44
user_14,song_5,2025-03-18 18:42:53,235
user_22,song_4,2025-04-01 07:38:21,225
user_45,song_26,2025-04-13 12:07:18,126
user_27,song_61,2025-04-06 09:09:05,279
user_36,song_39,2025-03-27 20:51:55,291
user_33,song_76,2025-03-14 21:04:07,292
user_35,song_100,2025-05-09 23:58:33,257
user_15,song_91,2025-05-01 10:09:31,292
user_9,song_73,2025-03-25 07:35:34,190
user_11,song_92,2025-03-17 13:22:04,266
user_38,song_39,2025-04-20 23:33:11,72
user_39,song_85,2025-04-05 01:00:11,231
user_22,song_30,2025-04-16 10:30:51,172
user_36,song_99,2025-04-02 20:47:19,85
user_29,song_52,2025-04-28 08:53:15,262
user_46,song_84,2025-04-15 06:51:36,246
user_50,song_33,2025-05-04 00:07:54,141
user_3,song_15,2025-04-11 21:38:22,145
user_1,song_69,2025-04-23 18:00:44,38
user_18,song_4,2025-05-03 12:15:17,76
user_25,song_6,2025-04-02 06:51:53,125
user_17,song_78,2025-04-16 19:12:52,139
user_31,song_75,2025-05-09 04:18:16,79
user_8,song_7,2025-04-18 21:58:49,55
user_38,song_8,2025-05-05 19:10:16,93
user_19,song_21,2025-03-24 06:21:18,84
user_43,song_67,2025-03-16 09:47:51,192
user_24,song_59,2025-05-02 08:35:53,146
user_11,song_66,2025-04-24 00:51:35,105
user_22,song_27,2025-04-22 18:41:01,216
user_28,song_5,2025-04-30 12:45:07,260
user_14,song_86,2025-04-09 21:28:26,168
user_50,song_74,2025-05-05 05:12:10,178
user_46,song_39,2025-04-12 15:45:31,64
user_38,song_5,2025-03-24 05:41:33,44
user_39,song_23,2025-03-24 11:09:19,114
user_31,song_24,2025-03-15 16:17:56,142
user_49,song_44,2025-04-08 23:18:29,199
user_1,song_74,2025-04-11 19:59:33,250
user_32,song_13,2025-03-16 02:21:20,296
user_1,song_90,2025-04-27 00:11:15,247
user_4,song_33,2025-04-18 09:34:06,111
user_12,song_61,2025-04-07 12:18:20,39
user_35,song_86,2025-05-04 10:45:06,96
user_43,song_53,2025-05-09 01:52:33,216
user_27,song_55,2025-03-19 09:24:22,252
user_28,song_42,2025-05-04 06:41:39,296
user_50,song_89,2025-03-19 06:18:17,162
user_21,song_48,2025-03-17 00:41:12,149
user_3,song_19,2025-04-25 15:46:53,91
user_18,song_70,2025-03-23 17:15:55,286
user_20,song_26,2025-05-07 21:32:39,84
user_24,song_56,2025-04-27 08:29:58,211
user_23,song_9,2025-04-14 12:34:34,96
user_33,song_54,2025-04-14 17:23:45,93
user_15,song_23,2025-04-13 03:50:12,269
user_15,song_61,2025-03-29 02:50:30,161
user_8,song_28,2025-04-13 16:41:28,153
user_26,song_56,2025-03-26 06:44:27,84
user_3,song_9,2025-04-30 08:08:15,103
user_2,song_94,2025-04-12 22:14:21,67
user_23,song_7,2025-03-25 12:10:21,272
user_27,song_5,2025-03-23 17:36:27,226
user_18,song_2,2025-04-05 18:52:07,177
user_4,song_68,2025-05-08 19:33:51,196
user_39,song_87,2025-03-24 22:58:58,210
user_21,song_44,2025-03-29 18:28:46,236
user_37,song_99,2025-04-24 07:33:13,102
user_44,song_58,2025-05-06 17:07:17,47
user_34,song_59,2025-04-10 01:45:44,160
user_37,song_89,2025-03-31 08:28:29,135
user_8,song_59,2025-03-28 01:04:47,295
user_11,song_22,2025-03-31 14:36:28,207
user_35,song_13,2025-04-18 22:43:17,198
user_20,song_54,2025-03-26 20:40:55,105
user_7,song_71,2025-04-17 18:36:14,144
user_9,song_44,2025-03-19 04:59:25,119
user_13,song_52,2025-03-13 21:26:20,264
user_8,song_58,2025-03-15 01:00:49,295
user_31,song_21,2025-04-14 18:55:35,103
user_6,song_90,2025-04-26 19:41:32,133
user_33,song_6,2025-04-25 12:07:17,296
user_11,song_95,2025-03-22 18:28:25,93
user_48,song_40,2025-04-08 02:44:02,244
user_43,song_47,2025-04-26 22:58:45,43
user_43,song_96,2025-05-07 22:32:57,137
user_11,song_13,2025-04-29 13:12:43,189
user_6,song_39,2025-03-30 03:48:24,278
user_7,song_25,2025-05-06 16:14:51,128
user_18,song_81,2025-04-08 02:31:51,127
user_31,song_25,2025-05-02 13:05:12,141
user_2,song_4,2025-05-04 17:59:38,296
user_31,song_7,2025-04-28 21:59:41,95
user_35,song_100,2025-05-06 19:34:59,74
user_50,song_7,2025-04-08 03:22:49,274
user_30,song_31,2025-04-05 17:39:33,132
user_29,song_49,2025-03-19 09:54:34,277
user_30,song_90,2025-03-29 08:28:16,274
user_20,song_54,2025-03-19 07:30:06,260
user_3,song_51,2025-05-09 06:06:08,261
user_35,song_5,2025-03-27 21:31:57,149
user_25,song_11,2025-04-15 04:00:33,126
user_50,song_37,2025-05-06 06:01:25,50
user_20,song_97,2025-04-27 01:26:11,133
user_7,song_44,2025-04-08 17:32:00,171
user_10,song_61,2025-04-09 05:07:25,197
user_26,song_19,2025-03-26 16:18:49,176
user_31,song_68,2025-05-01 23:47:00,59
user_41,song_38,2025-04-26 07:37:49,155
user_50,song_58,2025-03-11 20:27:10,35
user_2,song_98,2025-03-21 02:58:00,31
user_39,song_80,2025-05-03 05:21:44,220
user_41,song_28,2025-04-23 00:11:32,203
user_23,song_21,2025-04-24 08:12:53,126
user_42,song_14,2025-04-15 06:32:54,56
user_8,song_81,2025-04-29 14:49:15,134
user_43,song_65,2025-04-08 11:19:33,114
user_23,song_32,2025-04-05 02:32:16,32
user_33,song_32,2025-04-24 15:12:08,148
user_28,song_9,2025-04-17 05:00:25,114
user_14,song_11,2025-04-30 05:04:06,242
user_45,song_62,2025-03-16 01:39:41,289
user_10,song_83,2025-04-13 16:09:10,48
user_40,song_79,2025-03-23 05:41:49,266
user_41,song_72,2025-04-13 12:59:36,117
user_31,song_65,2025-03-29 08:39:14,80
user_36,song_40,2025-04-23 04:37:20,296
user_19,song_76,2025-04-28 00:09:00,257
user_7,song_48,2025-03-19 17:09:37,80
user_10,song_25,2025-04-04 04:32:00,123
user_27,song_10,2025-04-28 20:33:41,117
user_42,song_15,2025-05-05 23:59:11,34
user_23,song_96,2025-03-24 07:27:41,128
user_16,song_70,2025-03-24 22:24:37,186
user_13,song_30,2025-05-07 14:12:27,176
user_47,song_70,2025-04-08 00:37:21,108
user_3,song_60,2025-03-22 13:39:45,261
user_17,song_60,2025-03-27 13:48:01,144
user_24,song_10,2025-04-07 22:54:28,64
user_49,song_49,2025-04-28 03:09:54,73
user_25,song_55,2025-03-12 06:44:07,232
user_32,song_7,2025-05-04 22:53:54,79
user_35,song_45,2025-03-12 18:13:47,50
user_7,song_6,2025-03-29 08:35:52,195
user_4,song_49,2025-03-19 23:09:24,154
user_39,song_2,2025-04-27 09:00:33,256
user_38,song_23,2025-04-16 12:17:01,138
user_39,song_29,2025-04-19 04:09:19,136
user_21,song_57,2025-05-10 08:11:38,177
user_43,song_58,2025-04-25 19:52:15,229
user_7,song_50,2025-04-26 08:34:42,161
user_20,song_26,2025-03-29 15:09:02,213
user_49,song_58,2025-04-02 23:57:03,126
user_13,song_58,2025-04-13 13:09:04,247
user_35,song_58,2025-04-13 21:47:21,101
user_37,song_86,2025-04-29 18:36:00,232
user_39,song_37,2025-04-28 00:55:18,142
user_39,song_90,2025-04-30 08:25:57,218
user_28,song_74,2025-03-17 20:26:29,71
user_42,song_56,2025-04-15 20:34:53,105
user_42,song_11,2025-03-25 14:49:59,122
user_18,song_46,2025-04-08 13:19:24,198
user_7,song_26,2025-04-13 22:22:58,248
user_40,song_41,2025-04-15 08:58:26,198
user_7,song_99,2025-03-24 05:21:32,59
user_17,song_24,2025-05-08 02:40:52,30
user_29,song_5,2025-05-10 12:51:35,31
user_31,song_43,2025-04-23 10:45:21,172
user_5,song_42,2025-03-15 04:20:50,196
user_23,song_41,2025-03-24 00:34:23,42
user_13,song_89,2025-04-11 07:17:43,112
user_4,song_6,2025-05-01 18:51:27,122
user_50,song_45,2025-04-15 17:36:14,198
user_49,song_28,2025-04-26 23:50:08,226
user_20,song_42,2025-03-23 03:26:41,285
user_38,song_73,2025-04-19 06:41:44,62
user_26,song_68,2025-03-26 23:10:25,162
user_27,song_51,2025-04-11 18:07:49,133
user_31,song_73,2025-03-31 04:14:55,88
user_30,song_22,2025-03-24 05:29:53,225
user_12,song_47,2025-04-26 03:04:32,268
user_8,song_55,2025-03-28 15:31:15,271
user_30,song_50,2025-03-25 16:50:18,270
user_4,song_9,2025-04-18 14:17:14,52
user_12,song_79,2025-03-26 19:16:13,70
user_50,song_56,2025-03-25 08:54:47,134
user_5,song_65,2025-04-08 18:29:51,223
user_2,song_57,2025-04-18 10:55:11,293
user_49,song_34,2025-03-22 13:09:18,156
user_26,song_52,2025-05-10 11:44:28,175
user_40,song_20,2025-05-02 12:42:36,164
user_34,song_12,2025-04-06 16:58:49,96
user_44,song_96,2025-04-13 22:09:48,206
user_16,song_2,2025-03-28 21:35:30,245
user_15,song_39,2025-05-01 21:04:16,287
user_23,song_58,2025-05-01 09:45:48,105
user_26,song_29,2025-04-21 08:14:13,220
user_18,song_45,2025-04-29 10:58:03,300
user_35,song_45,2025-05-02 17:35:55,226
user_17,song_11,2025-04-07 15:39:11,65
user_25,song_64,2025-04-07 02:16:59,78
user_31,song_49,2025-03-19 03:31:34,39
user_41,song_67,2025-05-08 07:18:10,123
user_33,song_45,2025-03-12 03:12:03,149
user_48,song_73,2025-05-04 10:14:07,234
user_12,song_82,2025-04-09 23:31:01,135
user_25,song_78,2025-05-02 07:29:15,199
user_2,song_17,2025-04-26 03:47:43,219
user_20,song_64,2025-03-31 23:04:41,182
user_21,song_34,2025-03-13 22:17:08,287
user_22,song_59,2025-03-27 06:29:17,165
user_15,song_81,2025-04-10 02:00:03,133
user_12,song_22,2025-03-22 13:14:30,121
user_4,song_91,2025-03-19 01:54:12,50
user_2,song_36,2025-04-06 00:52:08,164
user_24,song_71,2025-04-14 20:58:24,136
user_32,song_81,2025-04-15 11:38:52,122
user_40,song_23,2025-04-04 09:12:01,264
user_29,song_4,2025-04-23 18:59:08,67
user_29,song_61,2025-04-12 09:40:41,51
user_5,song_87,2025-03-30 17:52:50,274
user_32,song_57,2025-03-25 14:55:30,237
user_44,song_24,2025-04-24 17:12:15,129
user_6,song_65,2025-03-19 23:45:02,110
user_28,song_39,2025-04-03 08:06:02,288
user_26,song_69,2025-03-19 01:27:52,124
user_15,song_21,2025-03-25 20:57:42,246
user_46,song_60,2025-05-01 21:24:31,106
user_38,song_63,2025-04-04 03:22:31,185
user_17,song_88,2025-04-23 00:41:48,45
user_3,song_34,2025-05-08 15:04:56,275
user_21,song_15,2025-03-14 18:07:57,107
user_28,song_3,2025-03-23 22:58:15,128
user_48,song_83,2025-05-07 08:12:33,241
user_13,song_59,2025-05-01 08:11:45,120
user_34,song_10,2025-04-12 17:34:00,83
user_31,song_13,2025-03-26 00:19:03,205
user_12,song_19,2025-05-09 20:53:15,188
user_27,song_78,2025-05-09 15:39:15,229
user_20,song_26,2025-03-21 04:24:54,180
user_28,song_44,2025-04-15 12:58:58,152
user_43,song_66,2025-03-15 16:24:56,156
user_47,song_53,2025-04-12 16:17:15,32
user_25,song_27,2025-03-24 18:51:48,136
user_25,song_80,2025-04-20 08:18:46,270
user_37,song_15,2025-05-01 13:06:52,167
user_10,song_40,2025-04-25 19:48:28,225
user_36,song_83,2025-03-15 17:15:06,87
user_4,song_51,2025-04-09 02:56:21,221
user_43,song_45,2025-04-10 18:33:33,195
user_6,song_45,2025-04-14 07:50:11,121
user_39,song_92,2025-05-07 16:37:49,172
user_13,song_68,2025-04-22 00:06:20,211
user_33,song_35,2025-04-30 04:19:31,104
user_5,song_7,2025-03-14 22:22:16,231
user_2,song_65,2025-04-24 01:19:11,69
user_22,song_75,2025-03-18 06:44:56,211
user_29,song_46,2025-04-09 19:58:01,216
user_46,song_87,2025-04-23 19:13:44,237
user_30,song_7,2025-04-18 05:50:26,136
user_1,song_70,2025-04-07 20:22:58,79
user_2,song_49,2025-03-14 23:08:24,103
user_14,song_14,2025-04-04 21:42:02,64
user_41,song_17,2025-03-27 19:14:07,78
user_14,song_49,2025-04-28 08:40:29,69
user_25,song_80,2025-05-09 14:51:24,123
user_12,song_90,2025-04-11 20:15:00,203
user_26,song_92,2025-04-04 02:27:19,180
user_26,song_81,2025-04-15 19:40:08,50
user_17,song_28,2025-04-25 21:24:12,197
user_8,song_32,2025-03-30 01:46:06,93
user_24,song_40,2025-04-27 11:13:54,267
user_12,song_50,2025-03-20 18:18:29,122
user_20,song_79,2025-04-17 01:46:44,67
user_32,song_7,2025-04-28 04:18:30,216
user_2,song_10,2025-03-18 11:58:24,82
user_50,song_100,2025-04-28 01:21:47,196
user_42,song_99,2025-04-25 10:03:55,155
user_49,song_26,2025-04-01 23:50:27,194
user_2,song_99,2025-04-07 13:10:50,93
user_40,song_41,2025-04-26 08:40:45,69
user_33,song_83,2025-04-11 09:01:27,236
user_1,song_13,2025-04-17 03:11:21,148
user_22,song_58,2025-04-09 21:13:54,228
user_12,song_54,2025-03-16 13:09:09,284
user_3,song_26,2025-03-16 10:11:19,281
user_37,song_75,2025-03-17 00:47:25,127
user_36,song_36,2025-04-29 13:53:39,146
user_25,song_70,2025-04-22 16:13:47,80
user_4,song_18,2025-04-06 04:07:30,283
user_2,song_5,2025-03-16 04:11:22,135
user_41,song_3,2025-05-02 21:02:58,93
user_10,song_72,2025-05-03 13:27:10,153
user_16,song_8,2025-04-24 19:22:37,110
user_17,song_24,2025-04-16 04:16:12,207
user_11,song_82,2025-04-07 10:05:00,123
user_1,song_15,2025-04-24 06:59:37,177
user_37,song_57,2025-04-16 19:45:42,184
user_13,song_32,2025-03-27 09:49:36,239
user_38,song_95,2025-04-15 06:26:16,143
user_12,song_22,2025-03-11 19:35:19,253
user_7,song_6,2025-03-17 05:29:53,64
user_42,song_4,2025-04-08 04:47:38,74
user_20,song_86,2025-04-16 03:55:57,190
user_39,song_39,2025-04-14 11:54:20,255
user_50,song_7,2025-05-05 14:21:27,144
user_21,song_3,2025-03-20 21:58:27,171
user_21,song_25,2025-04-08 00:00:41,141
user_27,song_63,2025-04-03 10:05:27,239
user_19,song_55,2025-03-22 13:42:42,75
user_21,song_79,2025-03-23 07:03:37,209
user_34,song_5,2025-03-12 20:14:04,215
user_3,song_45,2025-03-19 06:38:20,287
user_50,song_93,2025-04-03 12:32:34,230
user_38,song_6,2025-04-28 13:07:25,264
user_40,song_77,2025-04-25 16:08:06,122
user_30,song_58,2025-04-29 20:59:49,297
user_47,song_68,2025-04-02 04:45:05,74
user_9,song_67,2025-03-31 13:17:59,152
user_37,song_54,2025-04-09 07:10:14,282
user_41,song_25,2025-04-30 19:55:01,122
user_20,song_66,2025-04-29 02:50:40,96
user_11,song_7,2025-04-19 15:16:26,270
user_30,song_98,2025-04-11 05:04:34,139
user_50,song_30,2025-04-14 22:28:42,240
user_23,song_60,2025-04-08 00:18:54,194
user_3,song_12,2025-03-25 11:55:51,196
user_21,song_98,2025-03-12 19:20:24,295
user_34,song_52,2025-03-12 02:19:58,103
user_50,song_7,2025-04-23 11:40:23,98
user_34,song_97,2025-03-22 02:58:43,52
user_6,song_71,2025-05-07 08:53:47,111
user_16,song_25,2025-03-30 22:07:41,266
user_48,song_19,2025-03-26 07:03:39,73
user_1,song_25,2025-04-19 06:20:36,263
user_24,song_73,2025-03-17 14:27:59,96
user_43,song_47,2025-03-14 15:55:56,209
user_21,song_87,2025-05-06 02:52:34,117
user_26,song_8,2025-04-27 05:20:21,77
user_10,song_36,2025-05-07 07:39:10,141
user_49,song_48,2025-04-20 13:57:03,150
user_35,song_98,2025-04-22 16:32:01,179
user_47,song_94,2025-05-08 01:29:17,37
user_22,song_59,2025-03-30 10:20:35,194
user_32,song_49,2025-03-24 11:19:33,98
user_40,song_79,2025-03-23 15:49:58,113
user_49,song_5,2025-04-30 06:57:48,263
user_27,song_55,2025-03-27 11:18:20,262
user_29,song_72,2025-05-03 01:52:42,84
user_25,song_73,2025-04-07 06:58:48,169
user_14,song_34,2025-04-14 00:54:35,131
user_45,song_78,2025-04-17 16:16:54,263
user_49,song_59,2025-04-21 11:11:26,67
user_4,song_74,2025-04-29 04:41:46,259
user_45,song_70,2025-03-14 01:12:29,285
user_21,song_9,2025-04-27 23:07:12,80
user_29,song_97,2025-03-14 22:15:05,100
user_42,song_20,2025-04-11 14:54:33,200
user_34,song_26,2025-03-14 10:28:31,235
user_30,song_93,2025-04-01 03:55:21,178
user_24,song_11,2025-04-20 12:06:01,37
user_8,song_7,2025-03-24 14:41:44,153
user_21,song_11,2025-04-16 18:26:38,124
user_15,song_83,2025-03-12 03:42:36,291
user_11,song_38,2025-04-14 06:39:36,258
user_15,song_36,2025-03-14 11:02:26,263
user_26,song_79,2025-04-21 02:47:27,295
user_17,song_80,2025-03-18 16:12:59,234
user_42,song_61,2025-03-25 04:01:28,155
user_41,song_22,2025-03-16 12:09:13,45
user_17,song_75,2025-04-28 07:54:45,63
user_2,song_5,2025-04-17 07:06:07,40
user_45,song_71,2025-04-19 23:40:15,67
user_47,song_51,2025-04-12 10:12:15,57
user_5,song_48,2025-03-27 17:00:03,185
user_5,song_10,2025-04-05 16:29:45,128
user_30,song_11,2025-03-16 03:01:31,39
user_40,song_47,2025-03-16 18:31:25,89
user_39,song_50,2025-04-14 17:48:56,244
user_28,song_13,2025-05-09 08:33:22,113
user_50,song_93,2025-04-17 12:37:56,33
user_23,song_44,2025-04-04 16:31:17,252
user_42,song_65,2025-03-21 02:42:52,104
user_21,song_27,2025-04-20 05:58:44,230
user_24,song_21,2025-03-21 03:41:58,83
user_7,song_12,2025-04-19 04:53:54,117
user_39,song_45,2025-04-26 07:36:13,248
user_42,song_10,2025-04-04 10:03:00,275
user_15,song_85,2025-04-13 08:55:27,154
user_10,song_85,2025-03-26 13:28:33,198
user_33,song_23,2025-03-28 07:48:39,42
user_6,song_59,2025-03-24 19:23:40,268
user_4,song_52,2025-05-02 13:02:23,294
user_23,song_38,2025-04-27 19:54:59,94
user_1,song_29,2025-05-06 17:04:16,272
user_34,song_89,2025-05-08 00:30:55,297
user_9,song_67,2025-05-03 07:57:30,90
user_40,song_14,2025-03-17 06:30:09,237
user_14,song_20,2025-03-17 22:18:47,41
user_12,song_16,2025-04-17 21:33:59,67
user_3,song_13,2025-05-01 13:29:08,129
user_33,song_14,2025-03-15 17:51:28,36
user_37,song_74,2025-05-02 20:47:29,141
user_13,song_42,2025-05-05 18:24:58,198
user_6,song_19,2025-03-22 23:50:02,295
user_9,song_23,2025-03-27 04:32:10,221
user_12,song_68,2025-04-25 08:15:50,31
user_22,song_57,2025-03-20 09:14:47,221
user_20,song_65,2025-04-26 10:36:04,214
user_42,song_45,2025-03-30 11:34:43,225
user_49,song_65,2025-05-08 04:06:53,254
user_3,song_4,2025-04-23 10:30:37,163
user_5,song_48,2025-04-18 23:47:26,116
user_1,song_63,2025-03-20 12:03:12,179
user_40,song_48,2025-04-29 15:33:53,41
user_6,song_79,2025-03-13 00:34:27,73
user_35,song_33,2025-03-20 14:14:22,191
user_32,song_23,2025-03-28 02:31:25,300
user_41,song_20,2025-04-27 04:31:18,59
user_17,song_31,2025-04-17 02:15:02,188
user_42,song_48,2025-04-08 18:23:36,155
user_26,song_6,2025-03-19 18:35:53,78
user_22,song_89,2025-04-27 10:04:40,292
user_43,song_74,2025-05-09 19:07:39,292
user_49,song_32,2025-03-28 17:37:24,189
user_10,song_32,2025-04-02 20:37:04,119
user_16,song_93,2025-04-16 02:12:59,248
user_39,song_56,2025-03-13 04:20:12,281
user_49,song_27,2025-03-12 10:56:30,46
user_47,song_36,2025-04-08 19:28:02,80
user_27,song_39,2025-04-24 21:29:16,292
user_43,song_95,2025-03-19 14:52:18,121
user_9,song_98,2025-04-01 09:17:34,237
user_18,song_88,2025-03-15 06:20:56,155
user_30,song_19,2025-04-10 08:51:48,264
user_20,song_70,2025-04-08 23:23:23,153
user_25,song_44,2025-04-09 18:52:11,160
user_8,song_89,2025-04-19 18:00:47,197
user_5,song_4,2025-04-14 16:32:03,71
user_11,song_68,2025-03-17 07:43:19,69
user_32,song_95,2025-04-20 09:40:00,269
user_32,song_62,2025-05-08 14:21:44,89
user_40,song_76,2025-04-02 16:24:44,133
user_21,song_5,2025-05-03 00:17:30,45
user_45,song_51,2025-05-02 15:29:39,176
user_1,song_10,2025-05-07 13:53:39,265
user_12,song_35,2025-03-17 00:37:55,101
user_36,song_34,2025-03-29 17:25:00,280
user_27,song_92,2025-04-20 07:11:03,48
user_9,song_76,2025-03-30 15:43:21,133
user_16,song_79,2025-05-05 18:01:28,276
user_5,song_87,2025-04-24 03:28:19,122
user_31,song_44,2025-04-22 12:07:00,263
user_35,song_16,2025-05-10 10:24:56,189
user_7,song_20,2025-04-04 21:53:24,214
user_9,song_67,2025-04-08 12:52:00,187
user_37,song_41,2025-05-02 18:16:32,217
user_32,song_7,2025-05-07 16:06:10,297
user_17,song_34,2025-04-19 20:51:53,259
user_1,song_2,2025-04-24 06:09:50,79
user_36,song_64,2025-03-16 01:46:29,258
user_20,song_88,2025-04-25 21:06:01,85
user_10,song_99,2025-04-04 21:50:50,223
user_41,song_47,2025-04-24 05:10:36,229
user_37,song_22,2025-05-10 09:49:16,135
user_13,song_43,2025-03-22 08:10:56,283
user_30,song_29,2025-04-05 09:33:09,278
user_40,song_69,2025-05-02 05:33:08,219
user_7,song_68,2025-03-20 14:46:51,233
user_41,song_67,2025-04-17 21:42:51,46
user_49,song_39,2025-04-07 19:29:04,171
user_18,song_80,2025-04-08 10:29:45,177
user_46,song_61,2025-03-24 10:31:16,111
user_34,song_55,2025-04-04 10:05:43,259
user_24,song_11,2025-03-14 03:54:06,32
user_45,song_86,2025-04-04 14:46:24,236
user_15,song_25,2025-04-22 17:39:02,110
user_45,song_52,2025-04-08 05:54:26,235
user_39,song_68,2025-04-28 12:22:46,65
user_25,song_15,2025-04-21 01:04:25,137
user_19,song_92,2025-03-19 05:17:25,278
user_46,song_56,2025-05-02 00:24:32,237
user_34,song_32,2025-03-19 21:03:57,65
user_27,song_76,2025-03-29 15:36:06,58
user_26,song_32,2025-05-05 23:41:15,103
user_37,song_3,2025-03-13 04:59:36,55
user_3,song_28,2025-05-08 05:39:31,69
user_21,song_45,2025-04-03 01:52:34,296
user_28,song_68,2025-03-13 03:37:26,207
user_5,song_4,2025-04-30 23:00:06,174
user_24,song_47,2025-03-25 11:01:04,204
user_32,song_4,2025-04-18 08:44:07,120
user_44,song_2,2025-04-14 17:04:02,227
user_31,song_13,2025-03-23 14:05:29,128
user_44,song_69,2025-05-03 06:51:00,50
user_30,song_19,2025-04-18 04:17:00,268
user_2,song_19,2025-04-20 11:15:56,183
user_38,song_100,2025-05-07 04:19:16,143
user_2,song_82,2025-03-27 00:29:49,286
user_49,song_11,2025-04-29 06:56:28,219
user_19,song_57,2025-04-16 02:23:53,270
user_4,song_86,2025-03-23 16:09:25,143
user_3,song_98,2025-04-10 03:49:44,139
user_39,song_30,2025-05-09 09:20:58,125
user_9,song_7,2025-04-14 18:41:31,300
user_23,song_35,2025-04-18 05:42:57,86
user_14,song_42,2025-04-18 13:25:09,101
user_50,song_50,2025-04-25 09:59:17,43
user_41,song_51,2025-04-04 23:04:34,200
user_14,song_34,2025-04-14 02:59:29,111
user_45,song_87,2025-04-17 07:39:09,163
user_24,song_52,2025-04-09 06:23:12,225
user_1,song_89,2025-03-30 14:02:40,146
user_9,song_47,2025-04-23 03:07:44,240
user_45,song_78,2025-03-14 12:43:43,152
user_9,song_55,2025-03-12 01:37:23,173
user_37,song_14,2025-04-25 15:22:07,35
user_21,song_7,2025-04-01 06:39:29,36
user_26,song_26,2025-03-27 04:47:38,245
user_14,song_15,2025-04-13 07:02:29,51
user_46,song_46,2025-04-03 01:42:45,288
user_47,song_31,2025-04-02 21:05:39,268
user_30,song_58,2025-04-30 18:33:40,195
user_7,song_11,2025-04-20 20:08:26,149
user_34,song_85,2025-05-09 01:42:19,84
user_24,song_84,2025-05-07 08:26:20,50
user_25,song_70,2025-04-10 13:12:18,249
user_26,song_100,2025-05-08 01:47:02,195
user_13,song_67,2025-04-22 10:54:02,196
user_15,song_25,2025-05-06 23:06:25,278
user_21,song_99,2025-03-16 16:48:21,198
user_40,song_47,2025-04-29 08:30:58,104
user_23,song_88,2025-04-08 04:48:48,271
user_14,song_79,2025-03-13 22:51:30,286
user_19,song_35,2025-04-16 03:25:46,115
user_49,song_61,2025-04-28 04:01:43,288
user_13,song_29,2025-03-15 20:50:08,290
user_15,song_2,2025-05-06 15:59:47,177
user_7,song_34,2025-04-08 03:44:31,270
user_8,song_40,2025-05-05 11:39:37,35
user_46,song_57,2025-03-12 08:34:51,94
user_24,song_43,2025-04-04 07:33:04,238
user_25,song_15,2025-04-25 10:16:16,222
user_1,song_21,2025-03-23 17:00:25,261
user_43,song_23,2025-04-02 23:13:51,196
user_38,song_79,2025-05-08 20:43:42,80
user_36,song_72,2025-05-04 16:21:02,88
user_50,song_89,2025-03-22 15:30:57,81
user_38,song_56,2025-03-21 02:54:46,161
user_9,song_27,2025-03-26 21:06:37,258
user_7,song_27,2025-04-13 08:50:39,153
user_7,song_50,2025-04-14 19:54:19,252
user_6,song_29,2025-04-05 10:05:01,151
user_10,song_92,2025-03-22 03:53:04,185
user_50,song_11,2025-03-13 04:45:16,51
user_9,song_56,2025-04-25 10:36:00,220
user_40,song_79,2025-03-23 06:04:35,92
user_34,song_25,2025-04-09 03:07:18,144
user_18,song_90,2025-04-03 01:10:15,80
user_38,song_26,2025-04-24 20:28:06,65
user_1,song_17,2025-03-31 21:44:13,175
user_30,song_45,2025-05-09 06:55:57,216
user_45,song_65,2025-04-25 06:09:35,62
user_4,song_79,2025-03-15 20:00:06,211
user_14,song_9,2025-03-21 20:20:49,146
user_38,song_51,2025-04-13 17:45:43,90
user_34,song_46,2025-03-24 13:16:08,278
user_15,song_99,2025-04-16 01:55:35,232
user_1,song_11,2025-04-15 04:17:13,75
user_49,song_87,2025-03-17 10:26:27,272
user_18,song_25,2025-05-10 15:21:38,199
user_34,song_38,2025-03-27 00:42:39,261
user_13,song_42,2025-03-20 23:25:32,287
user_17,song_20,2025-04-26 00:37:04,135
user_31,song_47,2025-03-13 22:20:49,67
user_12,song_10,2025-04-12 04:33:36,115
user_40,song_41,2025-05-06 05:06:11,209
user_49,song_27,2025-03-19 21:18:13,53
user_9,song_56,2025-04-30 05:08:13,287
user_28,song_49,2025-03-31 14:48:22,281
user_48,song_55,2025-04-10 15:33:16,201
user_27,song_16,2025-03-13 01:58:34,162
user_29,song_83,2025-04-02 00:28:22,142
user_21,song_44,2025-03-30 11:42:22,133
user_10,song_39,2025-04-10 13:41:22,299
user_21,song_3,2025-03-12 06:04:03,131
user_14,song_36,2025-04-14 14:46:25,298
user_37,song_88,2025-04-20 16:21:24,255
user_44,song_43,2025-04-06 15:43:04,177
user_36,song_52,2025-04-20 22:20:04,269
user_49,song_74,2025-04-14 02:47:12,232
user_37,song_63,2025-04-15 13:34:28,49
user_8,song_94,2025-04-08 04:24:44,172
user_34,song_100,2025-03-26 22:09:21,163
user_39,song_76,2025-04-24 23:27:00,39
user_7,song_13,2025-03-13 20:51:15,272
user_40,song_48,2025-03-28 11:19:31,216
user_22,song_17,2025-03-20 21:46:52,165
user_8,song_91,2025-04-10 05:47:52,76
user_46,song_29,2025-04-20 10:22:33,121
user_13,song_42,2025-03-22 21:32:59,149
user_17,song_44,2025-03-20 09:09:02,171
user_2,song_23,2025-03-27 14:28:23,64
user_39,song_69,2025-05-02 00:04:28,258
user_38,song_76,2025-05-06 04:13:39,275
user_2,song_72,2025-04-21 02:40:22,235
user_40,song_66,2025-03-12 18:24:51,144
user_49,song_71,2025-04-28 03:00:35,39
user_25,song_88,2025-05-07 15:29:55,80
user_14,song_61,2025-04-17 14:32:31,105
user_23,song_27,2025-04-12 01:26:08,214
user_45,song_30,2025-04-12 14:26:59,50
user_17,song_42,2025-03-15 15:46:13,142
user_42,song_65,2025-03-22 22:52:50,270
user_11,song_42,2025-04-07 06:40:29,67
user_3,song_95,2025-04-03 17:57:29,214
user_22,song_99,2025-03-15 00:01:25,300
user_40,song_41,2025-03-13 10:26:59,96
user_48,song_19,2025-05-04 15:23:30,83
user_40,song_60,2025-05-09 01:50:13,73
user_20,song_88,2025-04-06 17:26:42,232
user_12,song_8,2025-03-21 18:25:36,116
user_8,song_45,2025-03-23 20:54:32,82
user_32,song_64,2025-04-18 03:56:29,235
user_36,song_21,2025-04-24 21:25:47,94
user_9,song_29,2025-04-10 10:12:28,120
user_50,song_100,2025-04-06 09:46:21,66
user_19,song_51,2025-03-26 08:07:17,63
user_35,song_93,2025-03-14 07:38:44,217
user_40,song_67,2025-03-20 07:59:02,41
user_31,song_70,2025-03-11 19:55:39,62
user_17,song_50,2025-03-30 00:50:33,199
user_1,song_45,2025-04-18 11:37:19,69
user_40,song_6,2025-03-21 17:37:46,62
user_41,song_39,2025-04-12 10:07:30,150
user_29,song_12,2025-04-07 04:51:22,260
user_26,song_71,2025-03-12 19:29:06,155
user_39,song_49,2025-05-08 02:52:38,216
user_36,song_73,2025-04-17 00:54:14,288
user_25,song_27,2025-04-03 16:04:19,168
user_25,song_92,2025-05-03 20:27:29,105
user_36,song_13,2025-03-23 12:36:21,163
user_21,song_65,2025-04-03 15:41:27,182
user_27,song_47,2025-03-21 23:42:03,102
user_17,song_67,2025-03-21 07:22:46,265
user_20,song_100,2025-03-11 22:43:55,286
user_2,song_66,2025-04-20 15:52:03,273
user_44,song_7,2025-04-29 20:56:18,204
user_8,song_21,2025-04-04 12:29:08,172
user_48,song_51,2025-03-19 20:53:00,224
user_12,song_20,2025-04-28 00:39:05,222
user_42,song_94,2025-03-26 05:50:58,245
user_5,song_64,2025-04-15 18:23:50,61
user_38,song_33,2025-04-14 03:05:45,267
user_13,song_32,2025-04-09 06:39:44,60
user_25,song_73,2025-03-19 11:43:24,127
user_23,song_87,2025-03-31 04:08:57,263
user_1,song_69,2025-05-05 08:52:01,250
user_10,song_61,2025-04-25 20:56:10,161
user_42,song_62,2025-04-13 03:39:59,42
user_48,song_89,2025-04-09 16:18:33,160
user_14,song_5,2025-04-21 17:05:47,148
user_25,song_25,2025-05-03 23:44:56,30
user_45,song_26,2025-04-29 20:08:44,57
user_38,song_66,2025-04-23 16:38:12,291
user_4,song_20,2025-04-23 09:45:18,172
user_25,song_27,2025-05-01 01:54:42,164
user_44,song_16,2025-04-06 22:40:41,143
user_43,song_51,2025-04-20 18:26:32,171
user_36,song_91,2025-05-01 10:03:14,140
user_5,song_54,2025-04-26 15:13:00,152
user_44,song_58,2025-04-17 20:16:29,287
user_42,song_5,2025-03-16 23:02:50,60
user_23,song_8,2025-05-02 23:26:23,257
user_11,song_46,2025-03-30 10:13:42,268
user_26,song_67,2025-04-16 04:39:24,278
user_2,song_20,2025-04-19 18:46:34,204
user_2,song_51,2025-03-20 11:26:06,90
user_42,song_58,2025-04-10 11:12:56,179
user_16,song_3,2025-03-18 05:52:32,189
user_44,song_71,2025-04-14 19:59:44,294
user_42,song_6,2025-04-19 11:17:58,65
user_44,song_85,2025-03-29 02:48:15,300
user_27,song_62,2025-04-25 06:12:04,231
user_13,song_32,2025-03-24 03:48:28,215
user_1,song_41,2025-03-13 19:53:23,189
user_36,song_47,2025-04-05 16:57:08,159
user_22,song_16,2025-03-25 10:03:15,36
user_14,song_44,2025-05-04 05:32:37,271
user_37,song_57,2025-04-02 20:45:17,171
user_6,song_44,2025-05-06 11:41:35,94
user_31,song_85,2025-04-16 09:43:35,70
user_32,song_93,2025-03-13 07:01:27,186
user_30,song_58,2025-04-20 08:30:51,204
user_46,song_60,2025-05-04 22:29:27,113
user_13,song_31,2025-05-10 12:20:11,203
user_41,song_58,2025-04-30 10:19:21,260
user_11,song_30,2025-04-18 04:06:33,45
user_5,song_77,2025-04-11 01:01:13,133
user_48,song_72,2025-04-28 13:50:53,284
user_23,song_36,2025-03-19 15:17:59,267
user_17,song_6,2025-03-15 08:16:19,104
user_24,song_58,2025-03-15 22:26:25,297
user_15,song_92,2025-05-09 11:43:13,175
user_13,song_64,2025-03-14 04:33:42,268
user_38,song_5,2025-04-18 02:52:11,179
user_33,song_4,2025-04-07 11:05:05,191
user_26,song_9,2025-04-24 06:45:44,74
user_35,song_66,2025-03-31 22:30:03,208
user_38,song_15,2025-03-17 02:04:14,138
user_12,song_13,2025-04-17 02:39:38,191
user_11,song_25,2025-03-14 06:28:22,266
user_17,song_58,2025-04-12 06:31:38,85
user_37,song_65,2025-03-12 19:01:55,98
user_11,song_94,2025-03-24 18:35:14,293
user_34,song_16,2025-03-21 05:50:55,84
user_42,song_68,2025-04-03 02:43:22,205
user_45,song_44,2025-03-27 03:36:45,235
user_14,song_56,2025-04-25 21:25:09,195
user_15,song_92,2025-04-11 22:40:36,208
user_35,song_90,2025-04-15 02:21:55,131
user_7,song_30,2025-04-02 11:06:04,233
user_43,song_81,2025-04-03 17:02:27,174
user_30,song_33,2025-04-09 10:22:52,121
user_10,song_9,2025-04-11 01:57:52,198
user_5,song_27,2025-03-27 19:05:26,61
user_2,song_54,2025-05-04 01:35:43,214
user_4,song_23,2025-04-24 05:00:31,241
user_16,song_27,2025-03-12 06:29:56,195
user_31,song_10,2025-03-12 07:19:32,190
user_36,song_73,2025-03-14 16:45:05,215
user_1,song_40,2025-03-30 01:05:40,102
user_38,song_29,2025-05-01 15:00:53,296
user_26,song_1,2025-04-17 17:29:03,236
user_49,song_33,2025-04-19 05:38:52,235
user_22,song_80,2025-04-14 05:39:19,147
user_48,song_12,2025-04-05 02:15:59,197
user_23,song_93,2025-03-24 15:40:36,236
user_26,song_51,2025-04-21 11:38:00,147
user_44,song_51,2025-05-03 11:28:59,38
user_23,song_67,2025-05-07 09:39:13,201
user_16,song_62,2025-04-27 12:31:47,216
user_47,song_3,2025-05-02 00:54:42,59
user_27,song_87,2025-03-24 08:40:54,136
user_10,song_72,2025-05-01 01:00:13,266
user_27,song_3,2025-04-28 08:05:59,245
user_44,song_55,2025-03-29 01:53:40,187
user_13,song_55,2025-05-04 08:47:56,88
user_22,song_47,2025-03-27 16:31:46,162
user_30,song_93,2025-03-28 18:31:05,185
user_26,song_100,2025-03-19 20:16:19,183
user_15,song_25,2025-04-03 19:58:55,191
user_24,song_60,2025-03-16 08:05:24,125
user_50,song_49,2025-03-16 19:05:00,66
user_15,song_83,2025-03-18 05:38:12,32
user_32,song_83,2025-03-18 14:55:22,171
user_29,song_25,2025-03-24 06:09:41,282
user_10,song_71,2025-04-27 05:44:31,156
user_36,song_10,2025-03-18 13:43:28,275
user_15,song_71,2025-04-05 01:26:50,252
user_15,song_32,2025-04-14 03:42:25,144
user_38,song_70,2025-04-06 16:05:22,147
user_1,song_31,2025-03-30 21:21:21,244
user_34,song_34,2025-04-07 07:35:28,149
user_49,song_43,2025-03-12 01:36:41,134
user_28,song_11,2025-04-05 21:03:39,197
user_26,song_81,2025-05-05 15:27:46,199
user_23,song_87,2025-04-02 12:08:32,80
user_30,song_11,2025-03-31 08:28:08,175
user_4,song_98,2025-04-17 18:05:41,236
user_36,song_56,2025-03-20 18:50:52,61
user_19,song_87,2025-04-29 04:45:14,299
user_25,song_86,2025-04-26 13:07:55,167
user_4,song_14,2025-03-28 19:04:32,32
user_49,song_96,2025-03-21 17:53:49,290
user_24,song_47,2025-04-08 10:52:40,251
user_29,song_58,2025-03-14 07:39:59,44
user_40,song_81,2025-03-24 04:20:31,60
user_49,song_86,2025-04-06 13:12:53,228
user_2,song_60,2025-05-06 01:53:06,56
user_1,song_22,2025-05-03 11:15:37,60
user_28,song_45,2025-04-01 21:10:00,242
user_1,song_40,2025-03-27 13:01:30,39
user_44,song_84,2025-04-24 05:58:40,223
user_12,song_99,2025-04-18 03:47:51,85
user_37,song_5,2025-04-26 23:07:33,233
user_2,song_51,2025-04-05 09:14:51,114
user_15,song_85,2025-03-15 09:28:37,266
user_10,song_9,2025-04-30 21:44:39,178
user_9,song_53,2025-03-22 07:20:55,257
user_11,song_64,2025-04-27 06:27:39,167
user_25,song_65,2025-04-17 20:33:59,58
user_41,song_30,2025-04-05 20:28:12,145
user_24,song_11,2025-04-07 08:07:45,251
user_3,song_16,2025-03-28 16:40:41,164
user_41,song_84,2025-05-04 20:46:50,199
user_14,song_13,2025-04-17 04:24:30,261
user_6,song_40,2025-05-01 23:30:30,198
user_38,song_21,2025-03-13 01:42:36,61
user_14,song_27,2025-05-08 05:14:20,168
user_29,song_18,2025-04-15 17:19:42,44
user_16,song_34,2025-03-13 02:24:15,274
user_7,song_87,2025-04-28 22:02:53,128
user_25,song_80,2025-04-22 11:32:56,283
user_47,song_10,2025-03-24 05:03:27,242
user_41,song_88,2025-05-01 06:49:14,292
user_7,song_79,2025-04-06 02:46:18,74
user_5,song_44,2025-03-30 17:06:58,116
user_27,song_8,2025-04-01 03:44:17,203
user_27,song_61,2025-04-20 16:52:19,103
user_3,song_8,2025-04-16 18:31:05,180
user_27,song_53,2025-05-09 05:08:22,290
user_4,song_52,2025-04-27 18:39:21,224
user_41,song_8,2025-03-21 15:22:26,198
user_41,song_2,2025-04-24 00:37:26,199
user_9,song_60,2025-03-17 18:56:40,256
user_29,song_33,2025-03-29 23:16:43,52
user_34,song_26,2025-04-16 02:56:38,108
user_2,song_62,2025-03-18 22:14:30,198
user_28,song_5,2025-05-03 09:19:20,160
user_15,song_40,2025-03-29 03:33:24,102
user_43,song_42,2025-03-19 06:36:36,166
user_22,song_22,2025-03-16 15:55:15,116
user_1,song_15,2025-03-24 04:42:29,106
user_40,song_41,2025-03-12 13:52:07,88
user_20,song_26,2025-04-01 13:36:59,52
user_2,song_44,2025-03-16 21:20:21,118
user_28,song_74,2025-04-11 01:01:15,291
user_5,song_42,2025-04-05 09:58:24,119
user_37,song_84,2025-03-24 02:10:36,152
user_22,song_8,2025-04-14 19:29:57,61
user_24,song_36,2025-03-15 18:35:30,90
user_10,song_99,2025-04-26 23:21:42,175
user_18,song_80,2025-03-20 10:46:16,177
user_31,song_27,2025-03-16 20:12:19,283
user_38,song_91,2025-03-23 10:56:35,113
user_32,song_73,2025-05-05 03:10:26,229
user_31,song_63,2025-04-18 10:19:16,109
user_31,song_79,2025-05-03 19:24:51,269
user_6,song_74,2025-03-12 15:04:53,186
user_32,song_42,2025-04-20 10:00:24,277
user_1,song_31,2025-04-26 07:45:30,245
user_14,song_13,2025-04-07 22:43:45,137
user_27,song_77,2025-05-04 14:58:50,235
user_35,song_31,2025-05-10 04:17:14,273
user_17,song_33,2025-04-25 21:26:55,203
user_25,song_73,2025-03-17 12:04:48,70
user_22,song_32,2025-03-18 05:03:43,74
user_32,song_29,2025-03-17 07:21:52,161
user_11,song_70,2025-03-17 10:05:14,45
user_4,song_33,2025-04-12 21:31:26,196
user_48,song_37,2025-05-08 09:12:53,176
user_28,song_34,2025-04-16 17:05:37,188
user_11,song_51,2025-04-13 20:21:18,40
user_15,song_85,2025-04-27 19:40:45,41
user_3,song_74,2025-05-08 04:27:28,85
user_31,song_62,2025-05-04 15:35:03,191
user_25,song_11,2025-05-09 12:55:17,64
user_28,song_57,2025-04-09 21:59:59,77
user_13,song_17,2025-04-15 03:20:21,271
user_16,song_63,2025-05-02 10:01:05,139
user_5,song_15,2025-05-01 00:44:45,240
user_4,song_80,2025-03-12 22:09:10,298
user_49,song_14,2025-05-09 00:11:12,61
user_36,song_39,2025-05-03 06:12:00,35
user_19,song_77,2025-04-21 00:27:33,182
user_3,song_48,2025-04-23 23:54:47,128
user_41,song_96,2025-03-28 03:54:01,242
user_44,song_17,2025-04-26 03:56:27,141
user_4,song_93,2025-04-28 09:21:41,153
user_13,song_71,2025-04-24 02:12:10,202
user_15,song_61,2025-03-15 12:44:51,157
user_38,song_92,2025-04-24 03:00:19,246
user_40,song_7,2025-04-20 06:50:44,48
user_41,song_20,2025-04-29 13:11:06,278
user_22,song_3,2025-03-27 09:49:33,233
user_21,song_68,2025-03-25 13:32:34,97
user_15,song_59,2025-04-16 06:55:01,242
user_45,song_42,2025-04-27 20:20:44,125
user_28,song_23,2025-03-26 18:06:47,148
user_21,song_6,2025-04-16 22:44:31,217
user_15,song_81,2025-03-30 12:52:23,256
user_34,song_62,2025-04-09 23:39:39,119
user_29,song_34,2025-03-27 02:55:33,86
user_48,song_42,2025-03-15 12:11:36,285
user_7,song_6,2025-03-18 16:31:00,56
user_10,song_36,2025-03-15 12:55:37,237
user_42,song_37,2025-04-13 22:13:05,64
user_6,song_13,2025-05-01 02:19:01,208
user_29,song_97,2025-04-24 00:48:29,30
user_11,song_30,2025-03-13 00:45:17,34
user_43,song_75,2025-05-05 04:46:56,154
user_17,song_21,2025-04-28 02:59:58,186
user_3,song_54,2025-03-17 02:41:34,290
user_32,song_14,2025-03-24 08:16:25,116
user_8,song_52,2025-03-15 05:21:44,274
user_43,song_92,2025-05-09 03:55:07,265
user_7,song_28,2025-03-12 14:27:07,276
user_6,song_6,2025-04-08 19:26:24,156
user_2,song_29,2025-05-09 21:39:33,186
user_28,song_26,2025-04-27 09:19:59,34
user_43,song_51,2025-04-23 18:44:12,84
user_24,song_33,2025-03-13 22:54:39,258
user_19,song_78,2025-04-04 06:20:11,217
user_38,song_39,2025-05-05 04:43:54,78
user_27,song_56,2025-03-23 21:53:01,216
user_18,song_23,2025-04-09 02:23:09,292
user_36,song_63,2025-03-17 05:18:31,212
user_21,song_74,2025-03-27 03:56:24,109
user_50,song_50,2025-03-29 07:39:41,250
user_42,song_65,2025-04-04 14:22:13,42
user_6,song_74,2025-05-06 14:47:07,183
user_27,song_24,2025-03-21 04:16:48,241
user_39,song_51,2025-04-30 06:03:27,186
user_29,song_73,2025-03-15 14:09:13,200
user_17,song_19,2025-04-09 16:19:21,111
user_17,song_12,2025-04-29 12:03:30,210
user_46,song_35,2025-05-08 02:56:19,133
user_4,song_46,2025-05-08 04:07:01,150
user_36,song_82,2025-03-19 21:58:11,230
user_16,song_6,2025-04-07 22:25:23,166
user_42,song_26,2025-05-02 11:31:40,235
user_38,song_54,2025-03-26 15:37:58,84
user_45,song_4,2025-04-14 01:30:12,130
user_33,song_28,2025-03-23 04:49:35,117
user_17,song_82,2025-05-01 07:04:00,203
user_23,song_79,2025-04-28 17:20:12,189
user_28,song_27,2025-04-03 10:23:04,199
user_8,song_34,2025-04-09 08:00:11,289
user_21,song_34,2025-05-04 11:29:44,261
user_15,song_30,2025-03-26 20:01:36,207
user_8,song_23,2025-04-12 01:39:50,117
user_18,song_26,2025-04-11 20:44:13,168
user_22,song_58,2025-04-19 14:50:56,245
user_12,song_19,2025-05-01 11:55:33,231
user_22,song_80,2025-03-15 19:20:44,169
user_41,song_69,2025-03-17 04:16:07,50
user_3,song_43,2025-04-27 05:17:24,51
user_27,song_91,2025-03-22 18:43:28,189
user_3,song_42,2025-04-17 03:48:42,215
user_23,song_34,2025-05-04 08:52:18,274
user_44,song_80,2025-04-02 18:48:57,272
user_8,song_51,2025-05-07 21:00:35,252
user_32,song_71,2025-04-29 21:39:12,271
user_1,song_83,2025-04-14 17:49:53,93
user_31,song_27,2025-03-29 05:40:03,199
user_30,song_30,2025-04-23 22:54:42,69
user_15,song_12,2025-04-04 12:23:52,84
user_17,song_46,2025-03-31 17:06:14,111
user_15,song_21,2025-04-03 21:39:43,113
user_1,song_19,2025-03-14 02:54:47,39
user_35,song_58,2025-03-21 01:15:04,50
user_43,song_99,2025-04-17 00:59:19,55
user_17,song_79,2025-05-03 08:36:08,67
user_36,song_24,2025-04-15 15:27:07,246
user_42,song_20,2025-05-08 18:34:46,264
user_17,song_14,2025-03-18 04:45:55,53
user_17,song_7,2025-03-19 02:40:48,194
user_40,song_14,2025-05-01 09:01:17,47
user_5,song_97,2025-04-26 07:21:01,274
user_12,song_57,2025-03-31 14:42:17,109
user_43,song_94,2025-03-19 02:26:30,102
user_50,song_89,2025-03-14 06:49:41,42
user_21,song_86,2025-03-22 04:53:28,259
user_29,song_53,2025-05-08 22:43:01,175
user_29,song_9,2025-04-09 10:07:04,241
user_5,song_52,2025-05-07 07:49:13,295
user_8,song_36,2025-03-15 15:21:14,123
user_19,song_14,2025-04-25 06:58:20,238
user_7,song_12,2025-05-06 16:52:48,169
user_25,song_77,2025-05-07 17:32:40,285
user_20,song_15,2025-03-21 17:41:58,186
user_15,song_71,2025-03-23 10:06:50,228
user_26,song_16,2025-04-13 13:38:29,236
user_47,song_39,2025-03-14 09:15:45,207
user_25,song_15,2025-03-16 17:31:05,59
user_12,song_98,2025-03-17 15:40:27,175
user_2,song_67,2025-04-30 08:41:44,56
user_50,song_50,2025-04-19 11:32:32,125
user_40,song_1,2025-03-27 19:37:01,127
user_30,song_74,2025-04-13 13:36:14,103
user_21,song_99,2025-05-02 00:33:02,160
user_29,song_22,2025-03-22 10:55:07,285
user_23,song_67,2025-04-14 12:58:18,167
user_41,song_11,2025-05-08 10:04:08,73
user_39,song_33,2025-03-24 05:27:12,298
user_48,song_60,2025-03-20 18:44:45,153
user_13,song_46,2025-04-02 18:21:46,239
user_41,song_56,2025-04-06 14:40:38,216
user_26,song_68,2025-03-28 06:52:46,267
user_17,song_63,2025-04-15 17:14:36,253
user_37,song_49,2025-04-13 07:59:49,62
user_37,song_30,2025-04-19 12:46:34,112
user_11,song_5,2025-03-18 02:17:34,294
user_24,song_97,2025-05-07 17:29:20,76
user_19,song_100,2025-03-25 11:55:36,268
user_8,song_21,2025-05-06 11:11:23,90
user_39,song_55,2025-04-23 16:05:51,138
user_36,song_20,2025-04-12 17:04:29,196
user_36,song_56,2025-03-25 19:23:44,269
user_7,song_68,2025-03-15 08:12:10,196
user_41,song_45,2025-03-14 07:08:00,99
user_45,song_62,2025-03-24 15:36:06,37
user_8,song_11,2025-04-23 07:40:28,176
user_32,song_41,2025-04-01 16:04:30,224
user_4,song_39,2025-03-18 19:45:19,240
user_34,song_34,2025-04-02 15:48:18,55
user_1,song_88,2025-04-16 00:26:37,78
user_20,song_96,2025-03-14 08:10:00,70
user_20,song_53,2025-03-20 23:33:01,50
user_35,song_19,2025-04-05 01:15:37,98
user_39,song_52,2025-04-01 00:49:22,212
user_20,song_51,2025-05-10 03:47:51,155
user_28,song_87,2025-05-07 04:55:14,75
user_5,song_88,2025-04-30 22:31:08,129
user_41,song_89,2025-04-18 21:22:03,79
user_48,song_44,2025-05-04 16:49:12,140
user_14,song_33,2025-05-01 16:03:00,261
user_33,song_70,2025-04-18 02:06:48,81
user_18,song_58,2025-04-11 07:05:05,222
user_24,song_50,2025-03-25 14:46:18,86
user_41,song_58,2025-04-17 19:07:13,207
user_43,song_2,2025-04-12 12:24:13,198
user_34,song_67,2025-03-30 07:36:23,150
user_41,song_84,2025-04-30 08:14:22,41
user_5,song_15,2025-04-15 05:39:17,234
user_8,song_11,2025-04-01 09:55:19,159
user_29,song_73,2025-04-17 23:13:31,48
user_42,song_45,2025-03-13 15:44:12,208
user_18,song_13,2025-04-18 19:49:09,74
user_9,song_74,2025-04-20 19:59:39,278
user_5,song_53,2025-04-08 09:22:58,65
user_14,song_13,2025-03-28 07:54:41,137
user_10,song_81,2025-05-06 07:52:44,93
